game_id	section_id	team_id	team_name	team_url	period_scores
4157689	0	276	Haverford	http://stats.ncaa.org/team/276/12426	[25, 25, 25, 3]
4157689	1	303	Immaculata	http://stats.ncaa.org/team/303/12426	[20, 19, 18, 0]
4157689	2		Ties		[1, 5, 9, 15]
4157689	3		Lead changes		[0, 2, 5, 7]
4157690	0		Harris-Stowe		[16, 21, 21, 0]
4157690	1	11538	Fontbonne	http://stats.ncaa.org/team/11538/12426	[25, 25, 25, 3]
4157690	2		Ties		[0, 3, 2, 5]
4157690	3		Lead changes		[0, 2, 1, 3]
4157734	0	787	Wm. Paterson	http://stats.ncaa.org/team/787/12426	[25, 25, 25, 3]
4157734	1	279	Lehman	http://stats.ncaa.org/team/279/12426	[5, 5, 12, 0]
4157734	2		Ties		[0, 1, 1, 2]
4157734	3		Lead changes		[0, 1, 1, 2]
4157746	0	26107	Becker	http://stats.ncaa.org/team/26107/12426	[20, 22, 27, 21, 1]
4157746	1	27901	Mount Ida	http://stats.ncaa.org/team/27901/12426	[25, 25, 25, 25, 3]
4157746	2		Ties		[6, 11, 12, 3, 32]
4157746	3		Lead changes		[3, 6, 5, 1, 15]
4157763	0	30033	Mount Mary	http://stats.ncaa.org/team/30033/12426	[8, 14, 20, 0]
4157763	1	28746	Alverno	http://stats.ncaa.org/team/28746/12426	[25, 25, 25, 3]
4157763	2		Ties		[0, 1, 0, 1]
4157763	3		Lead changes		[0, 0, 0, 0]
4157778	0	390	Mary Washington	http://stats.ncaa.org/team/390/12426	[15, 25, 25, 26, 3]
4157778	1	565	Randolph-Macon	http://stats.ncaa.org/team/565/12426	[25, 22, 18, 24, 1]
4157778	2		Ties		[3, 0, 5, 18, 26]
4157778	3		Lead changes		[0, 0, 3, 7, 10]
4157780	0	770	Western Conn. St.	http://stats.ncaa.org/team/770/12426	[22, 16, 25, 23, 1]
4157780	1	382	Manhattanville	http://stats.ncaa.org/team/382/12426	[25, 25, 16, 25, 3]
4157780	2		Ties		[7, 7, 2, 4, 20]
4157780	3		Lead changes		[4, 3, 1, 2, 10]
4157787	0	82	Bryn Mawr	http://stats.ncaa.org/team/82/12426	[12, 16, 21, 0]
4157787	1	303	Immaculata	http://stats.ncaa.org/team/303/12426	[25, 25, 25, 3]
4157787	2		Ties		[1, 3, 3, 7]
4157787	3		Lead changes		[0, 1, 3, 4]
4157803	0	117	Capital	http://stats.ncaa.org/team/117/12426	[20, 21, 25, 21, 1]
4157803	1	335	Kenyon	http://stats.ncaa.org/team/335/12426	[25, 25, 23, 25, 3]
4157803	2		Ties		[6, 7, 7, 5, 25]
4157803	3		Lead changes		[3, 5, 3, 1, 12]
4157807	0	30067	Morrisville St.	http://stats.ncaa.org/team/30067/12426	[25, 25, 22, 25, 3]
4157807	1	123	Castleton	http://stats.ncaa.org/team/123/12426	[13, 16, 25, 14, 1]
4157807	2		Ties		[2, 2, 13, 2, 19]
4157807	3		Lead changes		[2, 2, 8, 2, 14]
4157811	0		Penn St.-Hazleton		[16, 7, 3, 0]
4157811	1	784	Wilkes	http://stats.ncaa.org/team/784/12426	[25, 25, 25, 3]
4157811	2		Ties		[0]
4157811	3		Lead changes		[0]
4157860	0	21	Alma	http://stats.ncaa.org/team/21/12426	[16, 25, 17, 23, 1]
4157860	1	492	North Central (IL)	http://stats.ncaa.org/team/492/12426	[25, 20, 25, 25, 3]
4157860	2		Ties		[1, 10, 3, 9, 23]
4157860	3		Lead changes		[0, 4, 1, 4, 9]
4157925	0	486	MCLA	http://stats.ncaa.org/team/486/12426	[21, 23, 14, 0]
4157925	1	200	Eastern Conn. St.	http://stats.ncaa.org/team/200/12426	[25, 25, 25, 3]
4157925	2		Ties		[6, 6, 0, 12]
4157925	3		Lead changes		[2, 2, 0, 4]
4157969	0	322	Johns Hopkins	http://stats.ncaa.org/team/322/12426	[21, 26, 28, 25, 3]
4157969	1	611	St. Mary's (MD)	http://stats.ncaa.org/team/611/12426	[25, 24, 26, 17, 1]
4157969	2		Ties		[8, 3, 8, 9, 28]
4157969	3		Lead changes		[4, 1, 4, 2, 11]
4157991	0	491	N.C. Wesleyan	http://stats.ncaa.org/team/491/12426	[25, 25, 21, 25, 11, 2]
4157991	1	17094	William Peace	http://stats.ncaa.org/team/17094/12426	[17, 22, 25, 27, 15, 3]
4157991	2		Ties		[5, 5, 7, 6, 0, 23]
4157991	3		Lead changes		[1, 3, 5, 4, 0, 13]
4158040	0	30114	Penn St.-Abington	http://stats.ncaa.org/team/30114/12426	[12, 17, 22, 0]
4158040	1	966	Arcadia	http://stats.ncaa.org/team/966/12426	[25, 25, 25, 3]
4158040	2		Ties		[2, 0, 1, 3]
4158040	3		Lead changes		[2, 0, 0, 2]
4158041	0	1305	Cairn	http://stats.ncaa.org/team/1305/12426	[10, 9, 15, 0]
4158041	1	16	Albright	http://stats.ncaa.org/team/16/12426	[25, 25, 25, 3]
4158041	2		Ties		[0, 0, 3, 3]
4158041	3		Lead changes		[0, 0, 0, 0]
4158042	0	329	Kean	http://stats.ncaa.org/team/329/12426	[23, 25, 25, 25, 3]
4158042	1	451	Mt. St. Vincent	http://stats.ncaa.org/team/451/12426	[25, 22, 14, 21, 1]
4158042	2		Ties		[10, 5, 1, 2, 18]
4158042	3		Lead changes		[3, 1, 0, 1, 5]
4158043	0	958	Clarks Summit	http://stats.ncaa.org/team/958/12426	[5, 16, 12, 0]
4158043	1	336	King's (PA)	http://stats.ncaa.org/team/336/12426	[25, 25, 25, 3]
4158043	2		Ties		[0]
4158043	3		Lead changes		[0]
4158045	0	637	Shenandoah	http://stats.ncaa.org/team/637/12426	[25, 13, 17, 18, 1]
4158045	1	394	Marymount (VA)	http://stats.ncaa.org/team/394/12426	[21, 25, 25, 25, 3]
4158045	2		Ties		[1, 3, 1, 0, 5]
4158045	3		Lead changes		[0, 2, 1, 0, 3]
4158052	0	1390	Sul Ross St.	http://stats.ncaa.org/team/1390/12426	[9, 16, 19, 0]
4158052	1	953	Austin	http://stats.ncaa.org/team/953/12426	[25, 25, 25, 3]
4158052	2		Ties		[0, 1, 12, 13]
4158052	3		Lead changes		[0, 0, 7, 7]
4158053	0		John Wesley		[18, 16, 16, 0]
4158053	1	1112	Guilford	http://stats.ncaa.org/team/1112/12426	[25, 25, 25, 3]
4158053	2		Ties		[3, 4, 4, 11]
4158053	3		Lead changes		[1, 1, 0, 2]
4158054	0		St. Xavier		[25, 25, 25, 3]
4158054	1	1332	Dominican (IL)	http://stats.ncaa.org/team/1332/12426	[22, 19, 21, 0]
4158054	2		Ties		[6, 2, 7, 15]
4158054	3		Lead changes		[2, 0, 3, 5]
4158055	0	1036	Concordia Wisconsin	http://stats.ncaa.org/team/1036/12426	[25, 17, 25, 25, 3]
4158055	1	1400	Texas Lutheran	http://stats.ncaa.org/team/1400/12426	[11, 25, 14, 21, 1]
4158055	2		Ties		[3, 3, 3, 8, 17]
4158055	3		Lead changes		[1, 3, 0, 5, 9]
4158076	0	30164	Southern Va.	http://stats.ncaa.org/team/30164/12426	[25, 22, 22, 26, 11, 2]
4158076	1	44	Averett	http://stats.ncaa.org/team/44/12426	[20, 25, 25, 24, 15, 3]
4158076	2		Ties		[2, 10, 2, 8, 4, 26]
4158076	3		Lead changes		[1, 8, 2, 3, 0, 14]
4158077	0	373	Lycoming	http://stats.ncaa.org/team/373/12426	[11, 23, 15, 0]
4158077	1	633	Scranton	http://stats.ncaa.org/team/633/12426	[25, 25, 25, 3]
4158077	2		Ties		[0, 1, 0, 1]
4158077	3		Lead changes		[0, 1, 0, 1]
4158082	0	218	Eureka	http://stats.ncaa.org/team/218/12426	[18, 12, 21, 0]
4158082	1	492	North Central (IL)	http://stats.ncaa.org/team/492/12426	[25, 25, 25, 3]
4158082	2		Ties		[3, 0, 1, 4]
4158082	3		Lead changes		[0, 0, 1, 1]
4158084	0	9684	St. Elizabeth	http://stats.ncaa.org/team/9684/12426	[13, 16, 10, 0]
4158084	1	589	Rutgers-Newark	http://stats.ncaa.org/team/589/12426	[25, 25, 25, 3]
4158084	2		Ties		[8, 0, 0, 8]
4158084	3		Lead changes		[3, 0, 0, 3]
4158088	0	24400	Concordia (TX)	http://stats.ncaa.org/team/24400/12426	[21, 17, 15, 0]
4158088	1	1400	Texas Lutheran	http://stats.ncaa.org/team/1400/12426	[25, 25, 25, 3]
4158088	2		Ties		[8, 5, 2, 15]
4158088	3		Lead changes		[5, 2, 1, 8]
4158090	0	2751	Pacific (OR)	http://stats.ncaa.org/team/2751/12426	[25, 25, 21, 25, 3]
4158090	1	8490	LeTourneau	http://stats.ncaa.org/team/8490/12426	[17, 19, 25, 18, 1]
4158090	2		Ties		[7, 4, 3, 10, 24]
4158090	3		Lead changes		[1, 2, 1, 6, 10]
4158091	0	1390	Sul Ross St.	http://stats.ncaa.org/team/1390/12426	[14, 27, 25, 0]
4158091	1	8490	LeTourneau	http://stats.ncaa.org/team/8490/12426	[25, 29, 27, 3]
4158091	2		Ties		[1, 9, 10, 20]
4158091	3		Lead changes		[0, 4, 6, 10]
4158096	0	2751	Pacific (OR)	http://stats.ncaa.org/team/2751/12426	[12, 22, 19, 0]
4158096	1	953	Austin	http://stats.ncaa.org/team/953/12426	[25, 25, 25, 3]
4158096	2		Ties		[0, 2, 6, 8]
4158096	3		Lead changes		[0, 1, 3, 4]
4158097	0	30081	Penn St. Harrisburg	http://stats.ncaa.org/team/30081/12426	[25, 14, 20, 19, 1]
4158097	1	8404	Hood	http://stats.ncaa.org/team/8404/12426	[22, 25, 25, 25, 3]
4158097	2		Ties		[14, 1, 0, 3, 18]
4158097	3		Lead changes		[8, 0, 0, 1, 9]
4158100	0	30126	Notre Dame (OH)	http://stats.ncaa.org/team/30126/12426	[17, 25, 23, 25, 12, 2]
4158100	1	30084	Geneva	http://stats.ncaa.org/team/30084/12426	[25, 22, 25, 23, 15, 3]
4158100	2		Ties		[3, 6, 6, 7, 2, 24]
4158100	3		Lead changes		[2, 2, 3, 2, 2, 11]
4158101	0	544	Pine Manor	http://stats.ncaa.org/team/544/12426	[7, 13, 14, 0]
4158101	1	24317	Lesley	http://stats.ncaa.org/team/24317/12426	[25, 25, 25, 3]
4158101	2		Ties		[1, 0, 2, 3]
4158101	3		Lead changes		[0, 0, 1, 1]
4158105	0	480	CCNY	http://stats.ncaa.org/team/480/12426	[16, 21, 16, 0]
4158105	1	30163	Sarah Lawrence	http://stats.ncaa.org/team/30163/12426	[25, 25, 25, 3]
4158105	2		Ties		[3, 12, 3, 18]
4158105	3		Lead changes		[2, 6, 2, 10]
4158177	0		Reinhardt		[18, 14, 16, 0]
4158177	1	973	Berry	http://stats.ncaa.org/team/973/12426	[25, 25, 25, 3]
4158177	2		Ties		[0]
4158177	3		Lead changes		[0]
4158257	0	23260	Spalding	http://stats.ncaa.org/team/23260/12426	[25, 25, 25, 3]
4158257	1	2694	Franklin	http://stats.ncaa.org/team/2694/12426	[13, 7, 17, 0]
4158257	2		Ties		[0]
4158257	3		Lead changes		[0]
4158294	0	1255	U New England	http://stats.ncaa.org/team/1255/12426	[25, 15, 18, 21, 1]
4158294	1	145	Clark (MA)	http://stats.ncaa.org/team/145/12426	[14, 25, 25, 25, 3]
4158294	2		Ties		[2, 4, 5, 11, 22]
4158294	3		Lead changes		[1, 0, 2, 10, 13]
4158387	0		St. Louis Pharmacy		[20, 12, 18, 0]
4158387	1	759	Webster	http://stats.ncaa.org/team/759/12426	[25, 25, 25, 3]
4158387	2		Ties		[1, 3, 8, 12]
4158387	3		Lead changes		[1, 0, 2, 3]
4158614	0	243	Frostburg St.	http://stats.ncaa.org/team/243/12426	[17, 21, 22, 0]
4158614	1	21852	Stevenson	http://stats.ncaa.org/team/21852/12426	[25, 25, 25, 3]
4158614	2		Ties		[2, 2, 10, 14]
4158614	3		Lead changes		[2, 1, 8, 11]
4158622	0	595	Saint Benedict	http://stats.ncaa.org/team/595/12426	[25, 25, 25, 3]
4158622	1	8688	St. Mary's (IN)	http://stats.ncaa.org/team/8688/12426	[23, 17, 13, 0]
4158622	2		Ties		[5, 0, 2, 7]
4158622	3		Lead changes		[2, 0, 0, 2]
4158626	0	1094	George Fox	http://stats.ncaa.org/team/1094/12426	[17, 16, 23, 0]
4158626	1	134	Chapman	http://stats.ncaa.org/team/134/12426	[25, 25, 25, 3]
4158626	2		Ties		[0, 3, 9, 12]
4158626	3		Lead changes		[0, 0, 4, 4]
4158634	0	12399	Gwynedd Mercy	http://stats.ncaa.org/team/12399/12426	[11, 13, 8, 0]
4158634	1	20	DeSales	http://stats.ncaa.org/team/20/12426	[25, 25, 25, 3]
4158634	2		Ties		[2, 1, 0, 3]
4158634	3		Lead changes		[1, 1, 0, 2]
4158647	0	28593	Birmingham-So.	http://stats.ncaa.org/team/28593/12426	[15, 18, 25, 25, 15, 3]
4158647	1	620	St. Thomas (MN)	http://stats.ncaa.org/team/620/12426	[25, 25, 22, 21, 11, 2]
4158647	2		Ties		[5, 0, 12, 1, 0, 18]
4158647	3		Lead changes		[1, 0, 6, 1, 0, 8]
4158650	0	582	Rockford	http://stats.ncaa.org/team/582/12426	[18, 16, 8, 0]
4158650	1	137	Chicago	http://stats.ncaa.org/team/137/12426	[25, 25, 25, 3]
4158650	2		Ties		[7, 1, 3, 11]
4158650	3		Lead changes		[4, 1, 0, 5]
4158671	0	8404	Hood	http://stats.ncaa.org/team/8404/12426	[16, 15, 25, 25, 7, 2]
4158671	1	75	Bridgewater (VA)	http://stats.ncaa.org/team/75/12426	[25, 25, 17, 23, 15, 3]
4158671	2		Ties		[3, 4, 2, 5, 1, 15]
4158671	3		Lead changes		[1, 1, 1, 3, 0, 6]
4158675	0	266	Gust. Adolphus	http://stats.ncaa.org/team/266/12426	[25, 21, 17, 25, 16, 2]
4158675	1	212	Elmhurst	http://stats.ncaa.org/team/212/12426	[21, 25, 25, 19, 18, 3]
4158675	2		Ties		[5, 9, 3, 0, 6, 23]
4158675	3		Lead changes		[3, 2, 2, 0, 1, 8]
4158732	0		Ohio Christian		[8, 8, 14, 0]
4158732	1	335	Kenyon	http://stats.ncaa.org/team/335/12426	[25, 25, 25, 3]
4158732	2		Ties		[0, 2, 3, 5]
4158732	3		Lead changes		[0, 1, 1, 2]
4158734	0	1196	Marian (WI)	http://stats.ncaa.org/team/1196/12426	[15, 19, 18, 0]
4158734	1	344	Lake Forest	http://stats.ncaa.org/team/344/12426	[25, 25, 25, 3]
4158734	2		Ties		[2, 4, 3, 9]
4158734	3		Lead changes		[1, 0, 0, 1]
4158736	0	808	WPI	http://stats.ncaa.org/team/808/12426	[25, 26, 20, 25, 15, 3]
4158736	1	775	Western New Eng.	http://stats.ncaa.org/team/775/12426	[21, 28, 25, 23, 13, 2]
4158736	2		Ties		[2, 8, 9, 9, 2, 30]
4158736	3		Lead changes		[2, 2, 3, 6, 2, 15]
4158739	0	12884	Centenary (NJ)	http://stats.ncaa.org/team/12884/12426	[4, 11, 5, 0]
4158739	1	443	Moravian	http://stats.ncaa.org/team/443/12426	[25, 25, 25, 3]
4158739	2		Ties		[0]
4158739	3		Lead changes		[0]
4158749	0	12399	Gwynedd Mercy	http://stats.ncaa.org/team/12399/12426	[20, 18, 24, 0]
4158749	1	753	Washington Col.	http://stats.ncaa.org/team/753/12426	[25, 25, 26, 3]
4158749	2		Ties		[6, 8, 10, 24]
4158749	3		Lead changes		[3, 4, 4, 11]
4158756	0	620	St. Thomas (MN)	http://stats.ncaa.org/team/620/12426	[18, 18, 25, 19, 1]
4158756	1	217	Emory	http://stats.ncaa.org/team/217/12426	[25, 25, 22, 25, 3]
4158756	2		Ties		[1, 0, 7, 6, 14]
4158756	3		Lead changes		[1, 0, 2, 4, 7]
4158758	0	30032	Finlandia	http://stats.ncaa.org/team/30032/12426	[18, 15, 11, 0]
4158758	1	612	Saint Mary's (MN)	http://stats.ncaa.org/team/612/12426	[25, 25, 25, 3]
4158758	2		Ties		[6, 2, 0, 8]
4158758	3		Lead changes		[3, 1, 0, 4]
4158769	0	195	Earlham	http://stats.ncaa.org/team/195/12426	[25, 18, 25, 15, 1]
4158769	1	117	Capital	http://stats.ncaa.org/team/117/12426	[12, 25, 27, 25, 3]
4158769	2		Ties		[3, 3, 10, 1, 17]
4158769	3		Lead changes		[2, 3, 4, 1, 10]
4158773	0	580	RIT	http://stats.ncaa.org/team/580/12426	[20, 26, 8, 21, 1]
4158773	1	673	Springfield	http://stats.ncaa.org/team/673/12426	[25, 24, 25, 25, 3]
4158773	2		Ties		[0, 8, 1, 6, 15]
4158773	3		Lead changes		[0, 3, 1, 4, 8]
4158775	0	526	SUNY Oneonta	http://stats.ncaa.org/team/526/12426	[12, 25, 11, 25, 16, 2]
4158775	1	146	Clarkson	http://stats.ncaa.org/team/146/12426	[25, 23, 25, 19, 18, 3]
4158775	2		Ties		[0]
4158775	3		Lead changes		[0]
4158789	0	727	Union (NY)	http://stats.ncaa.org/team/727/12426	[13, 12, 26, 0]
4158789	1	142	Claremont-M-S	http://stats.ncaa.org/team/142/12426	[25, 25, 28, 3]
4158789	2		Ties		[1, 3, 11, 15]
4158789	3		Lead changes		[1, 1, 6, 8]
4158790	0	589	Rutgers-Newark	http://stats.ncaa.org/team/589/12426	[19, 19, 25, 26, 15, 3]
4158790	1	724	Merchant Marine	http://stats.ncaa.org/team/724/12426	[25, 25, 14, 24, 12, 2]
4158790	2		Ties		[8, 6, 0, 3, 4, 21]
4158790	3		Lead changes		[3, 2, 0, 2, 2, 9]
4158791	0	30036	Mount Aloysius	http://stats.ncaa.org/team/30036/12426	[17, 16, 20, 0]
4158791	1	745	Va. Wesleyan	http://stats.ncaa.org/team/745/12426	[25, 25, 25, 3]
4158791	2		Ties		[0, 0, 4, 4]
4158791	3		Lead changes		[0, 0, 2, 2]
4158827	0	798	Wis.-Oshkosh	http://stats.ncaa.org/team/798/12426	[25, 20, 20, 28, 15, 3]
4158827	1	595	Saint Benedict	http://stats.ncaa.org/team/595/12426	[23, 25, 25, 26, 8, 2]
4158827	2		Ties		[8, 2, 4, 8, 2, 24]
4158827	3		Lead changes		[3, 1, 2, 1, 2, 9]
4158839	0	121	Carthage	http://stats.ncaa.org/team/121/12426	[25, 17, 20, 25, 13, 2]
4158839	1	8746	Southwestern (TX)	http://stats.ncaa.org/team/8746/12426	[20, 25, 25, 16, 15, 3]
4158839	2		Ties		[2, 2, 1, 2, 2, 9]
4158839	3		Lead changes		[1, 0, 1, 1, 1, 4]
4158873	0	564	Ramapo	http://stats.ncaa.org/team/564/12426	[12, 17, 25, 23, 1]
4158873	1	214	Emerson	http://stats.ncaa.org/team/214/12426	[25, 25, 18, 25, 3]
4158873	2		Ties		[5, 2, 4, 13, 24]
4158873	3		Lead changes		[2, 1, 3, 5, 11]
4158878	0	453	Muhlenberg	http://stats.ncaa.org/team/453/12426	[25, 25, 25, 3]
4158878	1	215	Emmanuel (MA)	http://stats.ncaa.org/team/215/12426	[17, 12, 18, 0]
4158878	2		Ties		[7, 0, 2, 9]
4158878	3		Lead changes		[3, 0, 2, 5]
4158881	0	335	Kenyon	http://stats.ncaa.org/team/335/12426	[25, 25, 25, 3]
4158881	1	531	Otterbein	http://stats.ncaa.org/team/531/12426	[11, 21, 18, 0]
4158881	2		Ties		[1, 2, 8, 11]
4158881	3		Lead changes		[0, 0, 3, 3]
4158884	0	644	Smith	http://stats.ncaa.org/team/644/12426	[17, 16, 15, 0]
4158884	1	73	Brandeis	http://stats.ncaa.org/team/73/12426	[25, 25, 25, 3]
4158884	2		Ties		[2, 4, 1, 7]
4158884	3		Lead changes		[1, 3, 0, 4]
4158895	0	300	Ill. Wesleyan	http://stats.ncaa.org/team/300/12426	[15, 22, 25, 21, 1]
4158895	1	517	Ohio Northern	http://stats.ncaa.org/team/517/12426	[25, 25, 21, 25, 3]
4158895	2		Ties		[2, 5, 6, 3, 16]
4158895	3		Lead changes		[1, 2, 1, 2, 6]
4158896	0	462	Neb. Wesleyan	http://stats.ncaa.org/team/462/12426	[21, 17, 25, 15, 1]
4158896	1	60	Bethel (MN)	http://stats.ncaa.org/team/60/12426	[25, 25, 22, 25, 3]
4158896	2		Ties		[6, 1, 2, 0, 9]
4158896	3		Lead changes		[3, 1, 0, 0, 4]
4158910	0	752	Wash. & Lee	http://stats.ncaa.org/team/752/12426	[23, 20, 21, 0]
4158910	1	973	Berry	http://stats.ncaa.org/team/973/12426	[25, 25, 25, 3]
4158910	2		Ties		[0]
4158910	3		Lead changes		[0]
4158923	0	19	Allegheny	http://stats.ncaa.org/team/19/12426	[25, 25, 25, 3]
4158923	1	30064	Saint Vincent	http://stats.ncaa.org/team/30064/12426	[15, 18, 22, 0]
4158923	2		Ties		[8, 4, 9, 21]
4158923	3		Lead changes		[3, 2, 5, 10]
4158928	0	125	Centenary (LA)	http://stats.ncaa.org/team/125/12426	[23, 25, 25, 25, 3]
4158928	1	1390	Sul Ross St.	http://stats.ncaa.org/team/1390/12426	[25, 20, 21, 23, 1]
4158928	2		Ties		[9, 4, 7, 11, 31]
4158928	3		Lead changes		[5, 2, 2, 5, 14]
4158933	0	798	Wis.-Oshkosh	http://stats.ncaa.org/team/798/12426	[16, 22, 18, 0]
4158933	1	217	Emory	http://stats.ncaa.org/team/217/12426	[25, 25, 25, 3]
4158933	2		Ties		[4, 4, 6, 14]
4158933	3		Lead changes		[1, 2, 5, 8]
4158950	0	1099	Gordon	http://stats.ncaa.org/team/1099/12426	[10, 16, 12, 0]
4158950	1	673	Springfield	http://stats.ncaa.org/team/673/12426	[25, 25, 25, 3]
4158950	2		Ties		[1, 8, 0, 9]
4158950	3		Lead changes		[0, 5, 0, 5]
4158953	0	28593	Birmingham-So.	http://stats.ncaa.org/team/28593/12426	[25, 25, 25, 3]
4158953	1	8688	St. Mary's (IN)	http://stats.ncaa.org/team/8688/12426	[13, 20, 16, 0]
4158953	2		Ties		[0, 10, 1, 11]
4158953	3		Lead changes		[0, 3, 0, 3]
4158957	0	266	Gust. Adolphus	http://stats.ncaa.org/team/266/12426	[13, 25, 19, 25, 15, 3]
4158957	1	805	Wis.-Whitewater	http://stats.ncaa.org/team/805/12426	[25, 16, 25, 18, 13, 2]
4158957	2		Ties		[3, 0, 5, 3, 4, 15]
4158957	3		Lead changes		[1, 0, 3, 2, 1, 7]
4158960	0	126	Central (IA)	http://stats.ncaa.org/team/126/12426	[21, 17, 12, 0]
4158960	1	146	Clarkson	http://stats.ncaa.org/team/146/12426	[25, 25, 25, 3]
4158960	2		Ties		[2, 7, 1, 10]
4158960	3		Lead changes		[1, 3, 1, 5]
4158964	0	30038	Bethany Lutheran	http://stats.ncaa.org/team/30038/12426	[9, 17, 18, 0]
4158964	1	615	St. Olaf	http://stats.ncaa.org/team/615/12426	[25, 25, 25, 3]
4158964	2		Ties		[2, 1, 8, 11]
4158964	3		Lead changes		[2, 0, 5, 7]
4158965	0	120	Carroll (WI)	http://stats.ncaa.org/team/120/12426	[25, 15, 17, 21, 1]
4158965	1	372	Luther	http://stats.ncaa.org/team/372/12426	[21, 25, 25, 25, 3]
4158965	2		Ties		[3, 3, 0, 2, 8]
4158965	3		Lead changes		[0, 1, 0, 1, 2]
4158968	0	120	Carroll (WI)	http://stats.ncaa.org/team/120/12426	[10, 24, 15, 0]
4158968	1	802	Wis.-Stevens Point	http://stats.ncaa.org/team/802/12426	[25, 26, 25, 3]
4158968	2		Ties		[1, 7, 2, 10]
4158968	3		Lead changes		[1, 5, 1, 7]
4158990	0	962	Bard	http://stats.ncaa.org/team/962/12426	[19, 16, 25, 11, 1]
4158990	1	762	Wentworth	http://stats.ncaa.org/team/762/12426	[25, 25, 22, 25, 3]
4158990	2		Ties		[0, 0, 3, 0, 3]
4158990	3		Lead changes		[0, 0, 1, 0, 1]
4158998	0	30044	Penn St.-Berks	http://stats.ncaa.org/team/30044/12426	[24, 19, 17, 0]
4158998	1	211	Elizabethtown	http://stats.ncaa.org/team/211/12426	[26, 25, 25, 3]
4158998	2		Ties		[6, 2, 0, 8]
4158998	3		Lead changes		[3, 2, 0, 5]
4159004	0	1467	Goucher	http://stats.ncaa.org/team/1467/12426	[20, 24, 20, 0]
4159004	1	203	East. Mennonite	http://stats.ncaa.org/team/203/12426	[25, 26, 25, 3]
4159004	2		Ties		[2, 11, 2, 15]
4159004	3		Lead changes		[1, 7, 2, 10]
4159016	0	58	Baruch	http://stats.ncaa.org/team/58/12426	[24, 9, 23, 0]
4159016	1	753	Washington Col.	http://stats.ncaa.org/team/753/12426	[26, 25, 25, 3]
4159016	2		Ties		[8, 1, 4, 13]
4159016	3		Lead changes		[6, 1, 3, 10]
4159023	0	22235	Lewis & Clark	http://stats.ncaa.org/team/22235/12426	[17, 19, 17, 0]
4159023	1	154	Colorado Col.	http://stats.ncaa.org/team/154/12426	[25, 25, 25, 3]
4159023	2		Ties		[2, 7, 5, 14]
4159023	3		Lead changes		[1, 1, 0, 2]
4159027	0	18422	Rivier	http://stats.ncaa.org/team/18422/12426	[26, 27, 25, 3]
4159027	1	479	NYU	http://stats.ncaa.org/team/479/12426	[24, 25, 16, 0]
4159027	2		Ties		[4, 6, 0, 10]
4159027	3		Lead changes		[2, 1, 0, 3]
4159028	0	376	Macalester	http://stats.ncaa.org/team/376/12426	[20, 18, 21, 0]
4159028	1	615	St. Olaf	http://stats.ncaa.org/team/615/12426	[25, 25, 25, 3]
4159028	2		Ties		[12, 2, 3, 17]
4159028	3		Lead changes		[6, 2, 3, 11]
4159029	0	8597	Martin Luther	http://stats.ncaa.org/team/8597/12426	[18, 5, 25, 12, 1]
4159029	1	118	Carleton	http://stats.ncaa.org/team/118/12426	[25, 25, 21, 25, 3]
4159029	2		Ties		[4, 0, 1, 0, 5]
4159029	3		Lead changes		[1, 0, 0, 0, 1]
4159033	0		Wiley		[20, 17, 19, 0]
4159033	1	23121	Texas-Dallas	http://stats.ncaa.org/team/23121/12426	[25, 25, 25, 3]
4159033	2		Ties		[4, 6, 4, 14]
4159033	3		Lead changes		[1, 2, 1, 4]
4159039	0	588	Rutgers-Camden	http://stats.ncaa.org/team/588/12426	[9, 12, 8, 0]
4159039	1	20	DeSales	http://stats.ncaa.org/team/20/12426	[25, 25, 25, 3]
4159039	2		Ties		[0, 1, 1, 2]
4159039	3		Lead changes		[0, 0, 1, 1]
4159049	0	1340	St. Joseph's (L.I.)	http://stats.ncaa.org/team/1340/12426	[17, 17, 22, 0]
4159049	1	770	Western Conn. St.	http://stats.ncaa.org/team/770/12426	[25, 25, 25, 3]
4159049	2		Ties		[6, 1, 9, 16]
4159049	3		Lead changes		[2, 1, 2, 5]
4159074	0	85	Buffalo St.	http://stats.ncaa.org/team/85/12426	[24, 22, 25, 15, 1]
4159074	1	18	Alfred	http://stats.ncaa.org/team/18/12426	[26, 25, 18, 25, 3]
4159074	2		Ties		[0]
4159074	3		Lead changes		[0]
4159079	0	38	Augsburg	http://stats.ncaa.org/team/38/12426	[22, 25, 25, 25, 3]
4159079	1	618	St. Scholastica	http://stats.ncaa.org/team/618/12426	[25, 20, 13, 18, 1]
4159079	2		Ties		[6, 2, 0, 0, 8]
4159079	3		Lead changes		[3, 1, 0, 0, 4]
4159082	0	722	Coast Guard	http://stats.ncaa.org/team/722/12426	[25, 25, 25, 3]
4159082	1	85	Buffalo St.	http://stats.ncaa.org/team/85/12426	[20, 10, 13, 0]
4159082	2		Ties		[0]
4159082	3		Lead changes		[0]
4159085	0	548	Plymouth St.	http://stats.ncaa.org/team/548/12426	[23, 18, 22, 0]
4159085	1	45	Babson	http://stats.ncaa.org/team/45/12426	[25, 25, 25, 3]
4159085	2		Ties		[8, 1, 1, 10]
4159085	3		Lead changes		[3, 0, 1, 4]
4159087	0	30160	Houghton	http://stats.ncaa.org/team/30160/12426	[25, 25, 19, 16, 15, 3]
4159087	1	1159	Keuka	http://stats.ncaa.org/team/1159/12426	[22, 21, 25, 25, 13, 2]
4159087	2		Ties		[8, 4, 8, 0, 2, 22]
4159087	3		Lead changes		[5, 1, 2, 0, 1, 9]
4159088	0	1059	D'Youville	http://stats.ncaa.org/team/1059/12426	[23, 22, 26, 23, 1]
4159088	1	1159	Keuka	http://stats.ncaa.org/team/1159/12426	[25, 25, 24, 25, 3]
4159088	2		Ties		[3, 13, 7, 10, 33]
4159088	3		Lead changes		[2, 9, 3, 6, 20]
4159091	0	265	Grove City	http://stats.ncaa.org/team/265/12426	[21, 17, 11, 0]
4159091	1	452	Mount Union	http://stats.ncaa.org/team/452/12426	[25, 25, 25, 3]
4159091	2		Ties		[7, 2, 2, 11]
4159091	3		Lead changes		[4, 1, 2, 7]
4159098	0	30038	Bethany Lutheran	http://stats.ncaa.org/team/30038/12426	[9, 16, 7, 0]
4159098	1	376	Macalester	http://stats.ncaa.org/team/376/12426	[25, 25, 25, 3]
4159098	2		Ties		[0, 1, 1, 2]
4159098	3		Lead changes		[0, 0, 0, 0]
4159105	0	1203	Mary Hardin-Baylor	http://stats.ncaa.org/team/1203/12426	[25, 20, 25, 25, 3]
4159105	1	953	Austin	http://stats.ncaa.org/team/953/12426	[22, 25, 13, 20, 1]
4159105	2		Ties		[1, 13, 1, 3, 18]
4159105	3		Lead changes		[0, 7, 1, 0, 8]
4159107	0	588	Rutgers-Camden	http://stats.ncaa.org/team/588/12426	[14, 20, 25, 25, 14, 2]
4159107	1	58	Baruch	http://stats.ncaa.org/team/58/12426	[25, 25, 14, 15, 16, 3]
4159107	2		Ties		[2, 12, 4, 2, 4, 24]
4159107	3		Lead changes		[0, 6, 2, 1, 3, 12]
4159109	0	801	Wis.-River Falls	http://stats.ncaa.org/team/801/12426	[22, 25, 15, 14, 1]
4159109	1	577	Ripon	http://stats.ncaa.org/team/577/12426	[25, 19, 25, 25, 3]
4159109	2		Ties		[2, 4, 2, 4, 12]
4159109	3		Lead changes		[0, 1, 0, 1, 2]
4159116	0	84	Buena Vista	http://stats.ncaa.org/team/84/12426	[17, 25, 22, 25, 15, 3]
4159116	1	264	Grinnell	http://stats.ncaa.org/team/264/12426	[25, 18, 25, 20, 5, 2]
4159116	2		Ties		[0, 0, 4, 6, 0, 10]
4159116	3		Lead changes		[0, 0, 3, 1, 0, 4]
4159129	0		Unity		[8, 19, 23, 0]
4159129	1	1133	Husson	http://stats.ncaa.org/team/1133/12426	[25, 25, 25, 3]
4159129	2		Ties		[0]
4159129	3		Lead changes		[0]
4159141	0	1050	Defiance	http://stats.ncaa.org/team/1050/12426	[19, 16, 24, 0]
4159141	1	520	Ohio Wesleyan	http://stats.ncaa.org/team/520/12426	[25, 25, 26, 3]
4159141	2		Ties		[5, 5, 15, 25]
4159141	3		Lead changes		[1, 4, 5, 10]
4159146	0	166	Cornell College	http://stats.ncaa.org/team/166/12426	[15, 25, 24, 25, 13, 2]
4159146	1	212	Elmhurst	http://stats.ncaa.org/team/212/12426	[25, 19, 26, 22, 15, 3]
4159146	2		Ties		[3, 4, 5, 6, 1, 19]
4159146	3		Lead changes		[2, 0, 1, 3, 1, 7]
4159163	0	23725	Medaille	http://stats.ncaa.org/team/23725/12426	[25, 20, 25, 22, 13, 2]
4159163	1	443	Moravian	http://stats.ncaa.org/team/443/12426	[18, 25, 22, 25, 15, 3]
4159163	2		Ties		[0]
4159163	3		Lead changes		[0]
4159167	0	1115	Hanover	http://stats.ncaa.org/team/1115/12426	[21, 18, 25, 25, 15, 3]
4159167	1	759	Webster	http://stats.ncaa.org/team/759/12426	[25, 25, 22, 22, 5, 2]
4159167	2		Ties		[11, 4, 3, 5, 0, 23]
4159167	3		Lead changes		[5, 0, 2, 3, 0, 10]
4159190	0	804	Wis.-Superior	http://stats.ncaa.org/team/804/12426	[14, 15, 18, 0]
4159190	1	750	Wartburg	http://stats.ncaa.org/team/750/12426	[25, 25, 25, 3]
4159190	2		Ties		[1, 1, 0, 2]
4159190	3		Lead changes		[0, 1, 0, 1]
4159191	0	525	Olivet	http://stats.ncaa.org/team/525/12426	[24, 25, 25, 21, 15, 3]
4159191	1	939	Anderson (IN)	http://stats.ncaa.org/team/939/12426	[26, 19, 19, 25, 10, 2]
4159191	2		Ties		[13, 7, 1, 2, 6, 29]
4159191	3		Lead changes		[1, 4, 0, 2, 0, 7]
4159192	0	773	McDaniel	http://stats.ncaa.org/team/773/12426	[16, 16, 19, 0]
4159192	1	119	Carnegie Mellon	http://stats.ncaa.org/team/119/12426	[25, 25, 25, 3]
4159192	2		Ties		[0]
4159192	3		Lead changes		[0]
4159196	0	1099	Gordon	http://stats.ncaa.org/team/1099/12426	[25, 25, 23, 22, 15, 3]
4159196	1	238	Framingham St.	http://stats.ncaa.org/team/238/12426	[12, 17, 25, 25, 10, 2]
4159196	2		Ties		[3, 2, 14, 2, 0, 21]
4159196	3		Lead changes		[0, 1, 8, 1, 0, 10]
4159203	0	192	Dubuque	http://stats.ncaa.org/team/192/12426	[25, 25, 26, 25, 3]
4159203	1	344	Lake Forest	http://stats.ncaa.org/team/344/12426	[20, 17, 28, 14, 1]
4159203	2		Ties		[7, 4, 15, 4, 30]
4159203	3		Lead changes		[4, 2, 9, 1, 16]
4159220	0	245	Gallaudet	http://stats.ncaa.org/team/245/12426	[16, 12, 8, 0]
4159220	1	119	Carnegie Mellon	http://stats.ncaa.org/team/119/12426	[25, 25, 25, 3]
4159220	2		Ties		[0]
4159220	3		Lead changes		[0]
4159221	0	773	McDaniel	http://stats.ncaa.org/team/773/12426	[25, 25, 25, 3]
4159221	1	245	Gallaudet	http://stats.ncaa.org/team/245/12426	[15, 18, 22, 0]
4159221	2		Ties		[0]
4159221	3		Lead changes		[0]
4159234	0	424	Millikin	http://stats.ncaa.org/team/424/12426	[20, 25, 25, 25, 3]
4159234	1	137	Chicago	http://stats.ncaa.org/team/137/12426	[25, 16, 18, 23, 1]
4159234	2		Ties		[10, 3, 3, 12, 28]
4159234	3		Lead changes		[3, 2, 1, 5, 11]
4159236	0	38	Augsburg	http://stats.ncaa.org/team/38/12426	[18, 25, 23, 23, 1]
4159236	1	150	Coe	http://stats.ncaa.org/team/150/12426	[25, 21, 25, 25, 3]
4159236	2		Ties		[6, 4, 8, 11, 29]
4159236	3		Lead changes		[3, 2, 5, 4, 14]
4159238	0	1192	Manchester	http://stats.ncaa.org/team/1192/12426	[25, 17, 21, 19, 1]
4159238	1	15	Albion	http://stats.ncaa.org/team/15/12426	[18, 25, 25, 25, 3]
4159238	2		Ties		[0]
4159238	3		Lead changes		[0]
4159242	0	583	Roger Williams	http://stats.ncaa.org/team/583/12426	[15, 25, 25, 25, 3]
4159242	1	126	Central (IA)	http://stats.ncaa.org/team/126/12426	[25, 18, 18, 17, 1]
4159242	2		Ties		[0]
4159242	3		Lead changes		[0]
4159246	0	30028	Texas-Tyler	http://stats.ncaa.org/team/30028/12426	[25, 25, 25, 3]
4159246	1	1355	Schreiner	http://stats.ncaa.org/team/1355/12426	[13, 17, 19, 0]
4159246	2		Ties		[0, 1, 5, 6]
4159246	3		Lead changes		[0, 0, 3, 3]
4159249	0	582	Rockford	http://stats.ncaa.org/team/582/12426	[8, 12, 18, 0]
4159249	1	793	Wis.-Eau Claire	http://stats.ncaa.org/team/793/12426	[25, 25, 25, 3]
4159249	2		Ties		[0]
4159249	3		Lead changes		[0]
4159257	0		Me.-Fort Kent		[23, 25, 25, 25, 3]
4159257	1	1133	Husson	http://stats.ncaa.org/team/1133/12426	[25, 21, 18, 9, 1]
4159257	2		Ties		[0]
4159257	3		Lead changes		[0]
4159263	0	18422	Rivier	http://stats.ncaa.org/team/18422/12426	[23, 25, 25, 25, 3]
4159263	1	547	Plattsburgh St.	http://stats.ncaa.org/team/547/12426	[25, 12, 19, 14, 1]
4159263	2		Ties		[10, 1, 2, 0, 13]
4159263	3		Lead changes		[4, 1, 1, 0, 6]
4159264	0	987	Bluffton	http://stats.ncaa.org/team/987/12426	[25, 25, 25, 3]
4159264	1	296	Benedictine (IL)	http://stats.ncaa.org/team/296/12426	[16, 19, 21, 0]
4159264	2		Ties		[2, 1, 2, 5]
4159264	3		Lead changes		[2, 0, 1, 3]
4159266	0	2798	Albertus Magnus	http://stats.ncaa.org/team/2798/12426	[25, 25, 25, 3]
4159266	1	2730	York (NY)	http://stats.ncaa.org/team/2730/12426	[16, 14, 20, 0]
4159266	2		Ties		[5, 0, 8, 13]
4159266	3		Lead changes		[5, 0, 5, 10]
4159276	0	526	SUNY Oneonta	http://stats.ncaa.org/team/526/12426	[27, 25, 25, 3]
4159276	1	607	St. Lawrence	http://stats.ncaa.org/team/607/12426	[25, 14, 20, 0]
4159276	2		Ties		[0]
4159276	3		Lead changes		[0]
4159295	0	597	St. Catherine	http://stats.ncaa.org/team/597/12426	[14, 20, 22, 0]
4159295	1	372	Luther	http://stats.ncaa.org/team/372/12426	[25, 25, 25, 3]
4159295	2		Ties		[3, 4, 4, 11]
4159295	3		Lead changes		[2, 0, 1, 3]
4159311	0	475	SUNY New Paltz	http://stats.ncaa.org/team/475/12426	[23, 16, 20, 0]
4159311	1	987	Bluffton	http://stats.ncaa.org/team/987/12426	[25, 25, 25, 3]
4159311	2		Ties		[12, 3, 1, 16]
4159311	3		Lead changes		[2, 1, 0, 3]
4159316	0	597	St. Catherine	http://stats.ncaa.org/team/597/12426	[25, 25, 25, 3]
4159316	1	30032	Finlandia	http://stats.ncaa.org/team/30032/12426	[17, 15, 16, 0]
4159316	2		Ties		[2, 0, 7, 9]
4159316	3		Lead changes		[1, 0, 5, 6]
4159321	0	455	Muskingum	http://stats.ncaa.org/team/455/12426	[24, 19, 25, 25, 15, 3]
4159321	1		Carlow		[26, 25, 17, 17, 10, 2]
4159321	2		Ties		[15, 3, 13, 0, 5, 36]
4159321	3		Lead changes		[8, 2, 3, 0, 4, 17]
4159322	0	8490	LeTourneau	http://stats.ncaa.org/team/8490/12426	[22, 25, 25, 25, 3]
4159322	1	1355	Schreiner	http://stats.ncaa.org/team/1355/12426	[25, 15, 16, 9, 1]
4159322	2		Ties		[2, 0, 1, 1, 4]
4159322	3		Lead changes		[1, 0, 1, 0, 2]
4159323	0	8490	LeTourneau	http://stats.ncaa.org/team/8490/12426	[25, 21, 20, 10, 1]
4159323	1	1044	Dallas	http://stats.ncaa.org/team/1044/12426	[21, 25, 25, 25, 3]
4159323	2		Ties		[4, 5, 4, 0, 13]
4159323	3		Lead changes		[3, 3, 3, 0, 9]
4159324	0	166	Cornell College	http://stats.ncaa.org/team/166/12426	[26, 15, 21, 19, 1]
4159324	1	805	Wis.-Whitewater	http://stats.ncaa.org/team/805/12426	[24, 25, 25, 25, 3]
4159324	2		Ties		[1, 2, 5, 2, 10]
4159324	3		Lead changes		[0, 1, 3, 2, 6]
4159327	0	8530	McMurry	http://stats.ncaa.org/team/8530/12426	[19, 30, 23, 23, 1]
4159327	1	953	Austin	http://stats.ncaa.org/team/953/12426	[25, 28, 25, 25, 3]
4159327	2		Ties		[6, 4, 4, 8, 22]
4159327	3		Lead changes		[5, 0, 1, 5, 11]
4159345	0	30028	Texas-Tyler	http://stats.ncaa.org/team/30028/12426	[25, 25, 25, 3]
4159345	1	1044	Dallas	http://stats.ncaa.org/team/1044/12426	[17, 18, 13, 0]
4159345	2		Ties		[3, 2, 3, 8]
4159345	3		Lead changes		[2, 1, 1, 4]
4159355	0	2751	Pacific (OR)	http://stats.ncaa.org/team/2751/12426	[25, 25, 25, 3]
4159355	1	8530	McMurry	http://stats.ncaa.org/team/8530/12426	[22, 18, 21, 0]
4159355	2		Ties		[11, 8, 12, 31]
4159355	3		Lead changes		[6, 5, 5, 16]
4159362	0	409	Meredith	http://stats.ncaa.org/team/409/12426	[18, 25, 23, 25, 15, 3]
4159362	1	637	Shenandoah	http://stats.ncaa.org/team/637/12426	[25, 16, 25, 12, 10, 2]
4159362	2		Ties		[0]
4159362	3		Lead changes		[0]
4159387	0	42	Aurora	http://stats.ncaa.org/team/42/12426	[25, 11, 19, 23, 1]
4159387	1	40	Augustana (IL)	http://stats.ncaa.org/team/40/12426	[23, 25, 25, 25, 3]
4159387	2		Ties		[9, 0, 0, 12, 21]
4159387	3		Lead changes		[4, 0, 0, 3, 7]
4159388	0	795	Wis.-La Crosse	http://stats.ncaa.org/team/795/12426	[25, 22, 25, 25, 3]
4159388	1	40	Augustana (IL)	http://stats.ncaa.org/team/40/12426	[20, 25, 18, 19, 1]
4159388	2		Ties		[2, 0, 4, 2, 8]
4159388	3		Lead changes		[1, 0, 0, 0, 1]
4159393	0	330	Keene St.	http://stats.ncaa.org/team/330/12426	[24, 23, 25, 17, 1]
4159393	1	214	Emerson	http://stats.ncaa.org/team/214/12426	[26, 25, 22, 25, 3]
4159393	2		Ties		[5, 9, 4, 5, 23]
4159393	3		Lead changes		[4, 3, 3, 1, 11]
4159397	0	16142	Misericordia	http://stats.ncaa.org/team/16142/12426	[11, 26, 13, 0]
4159397	1	581	Rochester (NY)	http://stats.ncaa.org/team/581/12426	[25, 28, 25, 3]
4159397	2		Ties		[0]
4159397	3		Lead changes		[0]
4159410	0	1164	Lakeland	http://stats.ncaa.org/team/1164/12426	[25, 25, 25, 3]
4159410	1	1196	Marian (WI)	http://stats.ncaa.org/team/1196/12426	[17, 18, 17, 0]
4159410	2		Ties		[0]
4159410	3		Lead changes		[0]
4159416	0	622	Salisbury	http://stats.ncaa.org/team/622/12426	[21, 26, 25, 25, 15, 3]
4159416	1	258	Gettysburg	http://stats.ncaa.org/team/258/12426	[25, 28, 20, 21, 11, 2]
4159416	2		Ties		[10, 7, 2, 9, 1, 29]
4159416	3		Lead changes		[4, 3, 0, 3, 0, 10]
4159422	0	114	Calvin	http://stats.ncaa.org/team/114/12426	[25, 26, 23, 28, 15, 3]
4159422	1	424	Millikin	http://stats.ncaa.org/team/424/12426	[23, 28, 25, 26, 8, 2]
4159422	2		Ties		[0]
4159422	3		Lead changes		[0]
4159430	0	11036	Sage Colleges	http://stats.ncaa.org/team/11036/12426	[25, 23, 20, 25, 15, 3]
4159430	1	26	Anna Maria	http://stats.ncaa.org/team/26/12426	[18, 25, 25, 21, 5, 2]
4159430	2		Ties		[0]
4159430	3		Lead changes		[0]
4159433	0	637	Shenandoah	http://stats.ncaa.org/team/637/12426	[20, 19, 16, 0]
4159433	1	745	Va. Wesleyan	http://stats.ncaa.org/team/745/12426	[25, 25, 25, 3]
4159433	2		Ties		[8, 6, 2, 16]
4159433	3		Lead changes		[4, 3, 2, 9]
4159436	0	152	Colby-Sawyer	http://stats.ncaa.org/team/152/12426	[18, 18, 25, 0]
4159436	1	770	Western Conn. St.	http://stats.ncaa.org/team/770/12426	[25, 25, 27, 3]
4159436	2		Ties		[5, 3, 8, 16]
4159436	3		Lead changes		[3, 0, 5, 8]
4159440	0	779	Wheaton (MA)	http://stats.ncaa.org/team/779/12426	[22, 25, 12, 24, 1]
4159440	1	633	Scranton	http://stats.ncaa.org/team/633/12426	[25, 19, 25, 26, 3]
4159440	2		Ties		[8, 8, 1, 7, 24]
4159440	3		Lead changes		[5, 3, 0, 6, 14]
4159445	0	588	Rutgers-Camden	http://stats.ncaa.org/team/588/12426	[24, 25, 25, 26, 3]
4159445	1	12399	Gwynedd Mercy	http://stats.ncaa.org/team/12399/12426	[26, 19, 10, 24, 1]
4159445	2		Ties		[10, 1, 2, 5, 18]
4159445	3		Lead changes		[4, 1, 0, 4, 9]
4159446	0	492	North Central (IL)	http://stats.ncaa.org/team/492/12426	[25, 25, 25, 3]
4159446	1	28746	Alverno	http://stats.ncaa.org/team/28746/12426	[9, 13, 12, 0]
4159446	2		Ties		[0]
4159446	3		Lead changes		[0]
4159449	0	28746	Alverno	http://stats.ncaa.org/team/28746/12426	[7, 7, 13, 0]
4159449	1	577	Ripon	http://stats.ncaa.org/team/577/12426	[25, 25, 25, 3]
4159449	2		Ties		[2, 3, 1, 6]
4159449	3		Lead changes		[1, 0, 1, 2]
4159450	0	795	Wis.-La Crosse	http://stats.ncaa.org/team/795/12426	[25, 25, 20, 24, 15, 3]
4159450	1	212	Elmhurst	http://stats.ncaa.org/team/212/12426	[23, 18, 25, 26, 12, 2]
4159450	2		Ties		[11, 0, 7, 8, 8, 34]
4159450	3		Lead changes		[5, 0, 3, 4, 1, 13]
4159456	0	245	Gallaudet	http://stats.ncaa.org/team/245/12426	[27, 15, 12, 17, 1]
4159456	1	258	Gettysburg	http://stats.ncaa.org/team/258/12426	[25, 25, 25, 25, 3]
4159456	2		Ties		[14, 2, 3, 8, 27]
4159456	3		Lead changes		[9, 1, 1, 3, 14]
4159459	0	8597	Martin Luther	http://stats.ncaa.org/team/8597/12426	[19, 25, 25, 25, 3]
4159459	1	376	Macalester	http://stats.ncaa.org/team/376/12426	[25, 20, 23, 20, 1]
4159459	2		Ties		[5, 9, 10, 4, 28]
4159459	3		Lead changes		[1, 3, 6, 4, 14]
4159462	0	399	Mass. Maritime	http://stats.ncaa.org/team/399/12426	[14, 24, 13, 0]
4159462	1	1064	Eastern Nazarene	http://stats.ncaa.org/team/1064/12426	[25, 26, 25, 3]
4159462	2		Ties		[2, 7, 4, 13]
4159462	3		Lead changes		[0, 2, 2, 4]
4159464	0	238	Framingham St.	http://stats.ncaa.org/team/238/12426	[20, 17, 12, 0]
4159464	1	673	Springfield	http://stats.ncaa.org/team/673/12426	[25, 25, 25, 3]
4159464	2		Ties		[6, 2, 1, 9]
4159464	3		Lead changes		[3, 1, 1, 5]
4159465	0	326	Kalamazoo	http://stats.ncaa.org/team/326/12426	[25, 16, 17, 15, 1]
4159465	1	939	Anderson (IN)	http://stats.ncaa.org/team/939/12426	[22, 25, 25, 25, 3]
4159465	2		Ties		[3, 1, 3, 0, 7]
4159465	3		Lead changes		[1, 1, 0, 0, 2]
4159470	0		SUNY Delhi		[12, 10, 11, 0]
4159470	1	1159	Keuka	http://stats.ncaa.org/team/1159/12426	[25, 25, 25, 3]
4159470	2		Ties		[3, 0, 2, 5]
4159470	3		Lead changes		[2, 0, 1, 3]
4159472	0	182	Denison	http://stats.ncaa.org/team/182/12426	[25, 20, 25, 25, 3]
4159472	1	117	Capital	http://stats.ncaa.org/team/117/12426	[21, 25, 17, 20, 1]
4159472	2		Ties		[6, 6, 2, 5, 19]
4159472	3		Lead changes		[3, 2, 1, 3, 9]
4159481	0	582	Rockford	http://stats.ncaa.org/team/582/12426	[13, 11, 12, 0]
4159481	1	424	Millikin	http://stats.ncaa.org/team/424/12426	[25, 25, 25, 3]
4159481	2		Ties		[0, 0, 0, 0]
4159481	3		Lead changes		[0, 0, 0, 0]
4159491	0	211	Elizabethtown	http://stats.ncaa.org/team/211/12426	[23, 11, 21, 0]
4159491	1	239	Frank. & Marsh.	http://stats.ncaa.org/team/239/12426	[25, 25, 25, 3]
4159491	2		Ties		[2, 1, 9, 12]
4159491	3		Lead changes		[0, 1, 1, 2]
4159500	0	319	New Jersey City	http://stats.ncaa.org/team/319/12426	[22, 25, 25, 19, 15, 3]
4159500	1	82	Bryn Mawr	http://stats.ncaa.org/team/82/12426	[25, 18, 16, 25, 8, 2]
4159500	2		Ties		[10, 4, 1, 1, 4, 20]
4159500	3		Lead changes		[2, 2, 0, 1, 1, 6]
4159506	0	453	Muhlenberg	http://stats.ncaa.org/team/453/12426	[25, 25, 23, 18, 15, 3]
4159506	1	259	Rowan	http://stats.ncaa.org/team/259/12426	[22, 19, 25, 25, 10, 2]
4159506	2		Ties		[3, 7, 11, 4, 0, 25]
4159506	3		Lead changes		[2, 4, 7, 2, 0, 15]
4159507	0	284	Hollins	http://stats.ncaa.org/team/284/12426	[7, 20, 10, 0]
4159507	1	11324	Agnes Scott	http://stats.ncaa.org/team/11324/12426	[25, 25, 25, 3]
4159507	2		Ties		[1, 3, 1, 5]
4159507	3		Lead changes		[1, 1, 0, 2]
4159525	0	2798	Albertus Magnus	http://stats.ncaa.org/team/2798/12426	[20, 26, 25, 23, 9, 2]
4159525	1	30083	Cobleskill St.	http://stats.ncaa.org/team/30083/12426	[25, 24, 16, 25, 15, 3]
4159525	2		Ties		[5, 13, 3, 5, 2, 28]
4159525	3		Lead changes		[4, 4, 1, 3, 1, 13]
4159535	0	284	Hollins	http://stats.ncaa.org/team/284/12426	[7, 20, 10, 0]
4159535	1	11324	Agnes Scott	http://stats.ncaa.org/team/11324/12426	[25, 25, 25, 3]
4159535	2		Ties		[2, 3, 1, 6]
4159535	3		Lead changes		[1, 1, 0, 2]
4159539	0		Pratt		[25, 8, 25, 25, 3]
4159539	1	9684	St. Elizabeth	http://stats.ncaa.org/team/9684/12426	[23, 25, 12, 23, 1]
4159539	2		Ties		[0]
4159539	3		Lead changes		[0]
4159542	0	1332	Dominican (IL)	http://stats.ncaa.org/team/1332/12426	[21, 16, 21, 0]
4159542	1	424	Millikin	http://stats.ncaa.org/team/424/12426	[25, 25, 25, 3]
4159542	2		Ties		[3, 6, 5, 14]
4159542	3		Lead changes		[2, 0, 4, 6]
4159546	0	1203	Mary Hardin-Baylor	http://stats.ncaa.org/team/1203/12426	[25, 25, 25, 3]
4159546	1	125	Centenary (LA)	http://stats.ncaa.org/team/125/12426	[13, 11, 16, 0]
4159546	2		Ties		[0, 0, 1, 1]
4159546	3		Lead changes		[0, 0, 0, 0]
4159550	0	753	Washington Col.	http://stats.ncaa.org/team/753/12426	[16, 18, 21, 0]
4159550	1	20	DeSales	http://stats.ncaa.org/team/20/12426	[25, 25, 25, 3]
4159550	2		Ties		[2, 5, 4, 11]
4159550	3		Lead changes		[1, 2, 1, 4]
4159554	0	547	Plattsburgh St.	http://stats.ncaa.org/team/547/12426	[23, 25, 13, 0]
4159554	1	479	NYU	http://stats.ncaa.org/team/479/12426	[25, 27, 25, 3]
4159554	2		Ties		[8, 7, 0, 15]
4159554	3		Lead changes		[5, 4, 0, 9]
4159556	0	753	Washington Col.	http://stats.ncaa.org/team/753/12426	[16, 18, 21, 0]
4159556	1	20	DeSales	http://stats.ncaa.org/team/20/12426	[25, 25, 25, 3]
4159556	2		Ties		[2, 5, 4, 11]
4159556	3		Lead changes		[1, 2, 1, 4]
4159564	0	1467	Goucher	http://stats.ncaa.org/team/1467/12426	[10, 18, 16, 0]
4159564	1	75	Bridgewater (VA)	http://stats.ncaa.org/team/75/12426	[25, 25, 25, 3]
4159564	2		Ties		[1, 0, 2, 3]
4159564	3		Lead changes		[0, 0, 1, 1]
4159598	0	120	Carroll (WI)	http://stats.ncaa.org/team/120/12426	[14, 23, 20, 0]
4159598	1	612	Saint Mary's (MN)	http://stats.ncaa.org/team/612/12426	[25, 25, 25, 3]
4159598	2		Ties		[1, 6, 7, 14]
4159598	3		Lead changes		[0, 3, 4, 7]
4159610	0	40	Augustana (IL)	http://stats.ncaa.org/team/40/12426	[25, 20, 25, 25, 3]
4159610	1	166	Cornell College	http://stats.ncaa.org/team/166/12426	[18, 25, 15, 22, 1]
4159610	2		Ties		[1, 6, 7, 4, 18]
4159610	3		Lead changes		[1, 4, 3, 2, 10]
4159611	0	114	Calvin	http://stats.ncaa.org/team/114/12426	[25, 25, 25, 3]
4159611	1	793	Wis.-Eau Claire	http://stats.ncaa.org/team/793/12426	[18, 23, 18, 0]
4159611	2		Ties		[7, 0, 2, 9]
4159611	3		Lead changes		[1, 0, 1, 2]
4159615	0	389	Mary Baldwin	http://stats.ncaa.org/team/389/12426	[16, 16, 20, 0]
4159615	1	8404	Hood	http://stats.ncaa.org/team/8404/12426	[25, 25, 25, 3]
4159615	2		Ties		[1, 2, 7, 10]
4159615	3		Lead changes		[1, 2, 5, 8]
4159623	0	8688	St. Mary's (IN)	http://stats.ncaa.org/team/8688/12426	[13, 19, 12, 0]
4159623	1	217	Emory	http://stats.ncaa.org/team/217/12426	[25, 25, 25, 3]
4159623	2		Ties		[4, 5, 1, 10]
4159623	3		Lead changes		[1, 3, 0, 4]
4159632	0	8486	Lasell	http://stats.ncaa.org/team/8486/12426	[20, 13, 18, 0]
4159632	1	1255	U New England	http://stats.ncaa.org/team/1255/12426	[25, 25, 25, 3]
4159632	2		Ties		[12, 3, 5, 20]
4159632	3		Lead changes		[8, 1, 2, 11]
4159634	0	804	Wis.-Superior	http://stats.ncaa.org/team/804/12426	[18, 19, 17, 0]
4159634	1	462	Neb. Wesleyan	http://stats.ncaa.org/team/462/12426	[25, 25, 25, 3]
4159634	2		Ties		[3, 5, 5, 13]
4159634	3		Lead changes		[0, 3, 3, 6]
4159668	0	326	Kalamazoo	http://stats.ncaa.org/team/326/12426	[25, 25, 25, 3]
4159668	1	1192	Manchester	http://stats.ncaa.org/team/1192/12426	[21, 18, 22, 0]
4159668	2		Ties		[7, 6, 10, 23]
4159668	3		Lead changes		[5, 2, 1, 8]
4159677	0	492	North Central (IL)	http://stats.ncaa.org/team/492/12426	[22, 13, 13, 0]
4159677	1	577	Ripon	http://stats.ncaa.org/team/577/12426	[25, 25, 25, 3]
4159677	2		Ties		[14, 4, 4, 22]
4159677	3		Lead changes		[8, 0, 1, 9]
4159684	0	58	Baruch	http://stats.ncaa.org/team/58/12426	[15, 10, 14, 0]
4159684	1	20	DeSales	http://stats.ncaa.org/team/20/12426	[25, 25, 25, 3]
4159684	2		Ties		[1, 3, 2, 6]
4159684	3		Lead changes		[0, 0, 1, 1]
4159706	0	656	UMass Dartmouth	http://stats.ncaa.org/team/656/12426	[25, 25, 25, 3]
4159706	1	24317	Lesley	http://stats.ncaa.org/team/24317/12426	[20, 18, 15, 0]
4159706	2		Ties		[2, 4, 1, 7]
4159706	3		Lead changes		[1, 1, 1, 3]
4159708	0	779	Wheaton (MA)	http://stats.ncaa.org/team/779/12426	[25, 25, 25, 3]
4159708	1	221	FDU-Florham	http://stats.ncaa.org/team/221/12426	[17, 14, 21, 0]
4159708	2		Ties		[0]
4159708	3		Lead changes		[0]
4159712	0	531	Otterbein	http://stats.ncaa.org/team/531/12426	[25, 13, 25, 27, 3]
4159712	1	182	Denison	http://stats.ncaa.org/team/182/12426	[21, 25, 19, 25, 1]
4159712	2		Ties		[1, 0, 5, 8, 14]
4159712	3		Lead changes		[0, 0, 5, 2, 7]
4159724	0	524	Old Westbury	http://stats.ncaa.org/team/524/12426	[10, 17, 19, 0]
4159724	1	9684	St. Elizabeth	http://stats.ncaa.org/team/9684/12426	[25, 25, 25, 3]
4159724	2		Ties		[0]
4159724	3		Lead changes		[0]
4159726	0	409	Meredith	http://stats.ncaa.org/team/409/12426	[23, 25, 25, 25, 3]
4159726	1	745	Va. Wesleyan	http://stats.ncaa.org/team/745/12426	[25, 16, 21, 16, 1]
4159726	2		Ties		[9, 1, 6, 3, 19]
4159726	3		Lead changes		[2, 0, 3, 0, 5]
4159728	0	962	Bard	http://stats.ncaa.org/team/962/12426	[14, 19, 15, 0]
4159728	1	221	FDU-Florham	http://stats.ncaa.org/team/221/12426	[25, 25, 25, 3]
4159728	2		Ties		[3, 0, 3, 6]
4159728	3		Lead changes		[1, 0, 3, 4]
4159744	0	397	Marywood	http://stats.ncaa.org/team/397/12426	[17, 14, 13, 0]
4159744	1	258	Gettysburg	http://stats.ncaa.org/team/258/12426	[25, 25, 25, 3]
4159744	2		Ties		[0, 0, 0, 0]
4159744	3		Lead changes		[0, 0, 0, 0]
4159748	0	30042	Mitchell	http://stats.ncaa.org/team/30042/12426	[17, 25, 25, 24, 15, 3]
4159748	1	399	Mass. Maritime	http://stats.ncaa.org/team/399/12426	[25, 17, 17, 26, 5, 2]
4159748	2		Ties		[5, 3, 4, 5, 1, 18]
4159748	3		Lead changes		[5, 1, 1, 2, 1, 10]
4159758	0	760	Wellesley	http://stats.ncaa.org/team/760/12426	[25, 15, 25, 25, 3]
4159758	1	73	Brandeis	http://stats.ncaa.org/team/73/12426	[19, 25, 18, 19, 1]
4159758	2		Ties		[1, 1, 3, 0, 5]
4159758	3		Lead changes		[0, 0, 1, 0, 1]
4159779	0	520	Ohio Wesleyan	http://stats.ncaa.org/team/520/12426	[25, 23, 25, 27, 3]
4159779	1	517	Ohio Northern	http://stats.ncaa.org/team/517/12426	[22, 25, 21, 25, 1]
4159779	2		Ties		[3, 12, 1, 10, 26]
4159779	3		Lead changes		[1, 7, 0, 6, 14]
4159789	0	737	Vassar	http://stats.ncaa.org/team/737/12426	[18, 18, 25, 19, 1]
4159789	1	8746	Southwestern (TX)	http://stats.ncaa.org/team/8746/12426	[25, 25, 11, 25, 3]
4159789	2		Ties		[5, 1, 0, 0, 6]
4159789	3		Lead changes		[1, 0, 0, 0, 1]
4159797	0		SUNY Delhi		[14, 18, 18, 0]
4159797	1	8398	Hilbert	http://stats.ncaa.org/team/8398/12426	[25, 25, 25, 3]
4159797	2		Ties		[3, 4, 0, 7]
4159797	3		Lead changes		[0, 3, 0, 3]
4159799	0	17094	William Peace	http://stats.ncaa.org/team/17094/12426	[25, 20, 20, 16, 1]
4159799	1	243	Frostburg St.	http://stats.ncaa.org/team/243/12426	[19, 25, 25, 25, 3]
4159799	2		Ties		[0, 6, 7, 5, 18]
4159799	3		Lead changes		[0, 4, 4, 2, 10]
4159824	0	580	RIT	http://stats.ncaa.org/team/580/12426	[25, 23, 29, 17, 15, 3]
4159824	1	1099	Gordon	http://stats.ncaa.org/team/1099/12426	[17, 25, 27, 25, 4, 2]
4159824	2		Ties		[0, 9, 13, 1, 1, 24]
4159824	3		Lead changes		[0, 5, 3, 1, 0, 9]
4159837	0	30042	Mitchell	http://stats.ncaa.org/team/30042/12426	[19, 19, 14, 0]
4159837	1	1064	Eastern Nazarene	http://stats.ncaa.org/team/1064/12426	[25, 25, 25, 3]
4159837	2		Ties		[4, 4, 1, 9]
4159837	3		Lead changes		[1, 1, 0, 2]
4159843	0	8398	Hilbert	http://stats.ncaa.org/team/8398/12426	[14, 25, 12, 20, 1]
4159843	1	1159	Keuka	http://stats.ncaa.org/team/1159/12426	[25, 22, 25, 25, 3]
4159843	2		Ties		[0, 5, 3, 9, 17]
4159843	3		Lead changes		[0, 2, 1, 4, 7]
4159850	0	785	Willamette	http://stats.ncaa.org/team/785/12426	[18, 14, 24, 0]
4159850	1	462	Neb. Wesleyan	http://stats.ncaa.org/team/462/12426	[25, 25, 26, 3]
4159850	2		Ties		[5, 1, 5, 11]
4159850	3		Lead changes		[1, 0, 1, 2]
4159858	0	1332	Dominican (IL)	http://stats.ncaa.org/team/1332/12426	[25, 25, 14, 23, 11, 2]
4159858	1	793	Wis.-Eau Claire	http://stats.ncaa.org/team/793/12426	[20, 18, 25, 25, 15, 3]
4159858	2		Ties		[1, 2, 3, 6, 3, 15]
4159858	3		Lead changes		[0, 2, 1, 2, 2, 7]
4159860	0	372	Luther	http://stats.ncaa.org/team/372/12426	[16, 25, 25, 15, 1]
4159860	1	802	Wis.-Stevens Point	http://stats.ncaa.org/team/802/12426	[25, 13, 27, 25, 3]
4159860	2		Ties		[0, 0, 11, 5, 16]
4159860	3		Lead changes		[0, 0, 7, 2, 9]
4159866	0	30028	Texas-Tyler	http://stats.ncaa.org/team/30028/12426	[25, 25, 21, 25, 3]
4159866	1	953	Austin	http://stats.ncaa.org/team/953/12426	[10, 12, 25, 15, 1]
4159866	2		Ties		[0, 0, 0, 0, 0]
4159866	3		Lead changes		[0, 0, 0, 0, 0]
4159870	0	524	Old Westbury	http://stats.ncaa.org/team/524/12426	[14, 14, 16, 0]
4159870	1		Pratt		[25, 25, 25, 3]
4159870	2		Ties		[0]
4159870	3		Lead changes		[0]
4159871	0	484	Nichols	http://stats.ncaa.org/team/484/12426	[25, 20, 15, 0]
4159871	1	26107	Becker	http://stats.ncaa.org/team/26107/12426	[27, 25, 25, 3]
4159871	2		Ties		[10, 1, 2, 13]
4159871	3		Lead changes		[4, 0, 1, 5]
4159875	0	243	Frostburg St.	http://stats.ncaa.org/team/243/12426	[23, 26, 18, 0]
4159875	1	44	Averett	http://stats.ncaa.org/team/44/12426	[25, 28, 25, 3]
4159875	2		Ties		[12, 7, 2, 21]
4159875	3		Lead changes		[5, 3, 1, 9]
4159876	0	284	Hollins	http://stats.ncaa.org/team/284/12426	[25, 25, 25, 3]
4159876	1	14718	Wesleyan (GA)	http://stats.ncaa.org/team/14718/12426	[9, 11, 15, 0]
4159876	2		Ties		[1, 1, 5, 7]
4159876	3		Lead changes		[0, 1, 4, 5]
4159880	0	389	Mary Baldwin	http://stats.ncaa.org/team/389/12426	[25, 28, 19, 11, 1]
4159880	1	203	East. Mennonite	http://stats.ncaa.org/team/203/12426	[23, 30, 25, 25, 3]
4159880	2		Ties		[7, 4, 4, 0, 15]
4159880	3		Lead changes		[1, 2, 1, 0, 4]
4159889	0	484	Nichols	http://stats.ncaa.org/team/484/12426	[7, 15, 14, 0]
4159889	1	808	WPI	http://stats.ncaa.org/team/808/12426	[25, 25, 25, 3]
4159889	2		Ties		[0, 3, 3, 6]
4159889	3		Lead changes		[0, 2, 1, 3]
4159898	0	8968	Eastern	http://stats.ncaa.org/team/8968/12426	[25, 25, 25, 3]
4159898	1	259	Rowan	http://stats.ncaa.org/team/259/12426	[11, 11, 9, 0]
4159898	2		Ties		[2, 1, 0, 3]
4159898	3		Lead changes		[0, 0, 0, 0]
4159899	0	390	Mary Washington	http://stats.ncaa.org/team/390/12426	[21, 25, 25, 26, 3]
4159899	1	278	Heidelberg	http://stats.ncaa.org/team/278/12426	[25, 21, 15, 24, 1]
4159899	2		Ties		[4, 12, 1, 3, 20]
4159899	3		Lead changes		[1, 3, 1, 0, 5]
4159903	0	14718	Wesleyan (GA)	http://stats.ncaa.org/team/14718/12426	[5, 11, 3, 0]
4159903	1	11324	Agnes Scott	http://stats.ncaa.org/team/11324/12426	[25, 25, 25, 3]
4159903	2		Ties		[0, 0, 1, 1]
4159903	3		Lead changes		[0, 0, 1, 1]
4159911	0	15	Albion	http://stats.ncaa.org/team/15/12426	[20, 25, 25, 25, 3]
4159911	1	939	Anderson (IN)	http://stats.ncaa.org/team/939/12426	[25, 16, 19, 11, 1]
4159911	2		Ties		[3, 3, 3, 4, 13]
4159911	3		Lead changes		[1, 2, 2, 1, 6]
4159938	0	114	Calvin	http://stats.ncaa.org/team/114/12426	[25, 25, 25, 3]
4159938	1	137	Chicago	http://stats.ncaa.org/team/137/12426	[11, 9, 22, 0]
4159938	2		Ties		[0, 2, 4, 6]
4159938	3		Lead changes		[0, 1, 3, 4]
4159941	0	793	Wis.-Eau Claire	http://stats.ncaa.org/team/793/12426	[20, 25, 25, 25, 3]
4159941	1	137	Chicago	http://stats.ncaa.org/team/137/12426	[25, 16, 7, 18, 1]
4159941	2		Ties		[0, 1, 1, 1, 3]
4159941	3		Lead changes		[0, 1, 1, 1, 3]
4159944	0	24317	Lesley	http://stats.ncaa.org/team/24317/12426	[22, 27, 25, 0]
4159944	1	621	Salem St.	http://stats.ncaa.org/team/621/12426	[25, 29, 27, 3]
4159944	2		Ties		[3, 19, 9, 31]
4159944	3		Lead changes		[4, 11, 5, 20]
4159951	0	145	Clark (MA)	http://stats.ncaa.org/team/145/12426	[22, 20, 19, 0]
4159951	1	278	Heidelberg	http://stats.ncaa.org/team/278/12426	[25, 25, 25, 3]
4159951	2		Ties		[4, 1, 0, 5]
4159951	3		Lead changes		[3, 1, 0, 4]
4159963	0	815	York (PA)	http://stats.ncaa.org/team/815/12426	[22, 25, 23, 23, 1]
4159963	1	281	Hiram	http://stats.ncaa.org/team/281/12426	[25, 18, 25, 25, 3]
4159963	2		Ties		[0]
4159963	3		Lead changes		[0]
4159975	0	28593	Birmingham-So.	http://stats.ncaa.org/team/28593/12426	[25, 25, 25, 3]
4159975	1	595	Saint Benedict	http://stats.ncaa.org/team/595/12426	[13, 20, 22, 0]
4159975	2		Ties		[1, 6, 7, 14]
4159975	3		Lead changes		[0, 2, 4, 6]
4159982	0	620	St. Thomas (MN)	http://stats.ncaa.org/team/620/12426	[25, 25, 25, 3]
4159982	1	798	Wis.-Oshkosh	http://stats.ncaa.org/team/798/12426	[18, 21, 3, 0]
4159982	2		Ties		[2, 14, 1, 17]
4159982	3		Lead changes		[0, 9, 1, 10]
4159984	0	300	Ill. Wesleyan	http://stats.ncaa.org/team/300/12426	[25, 25, 25, 3]
4159984	1	520	Ohio Wesleyan	http://stats.ncaa.org/team/520/12426	[18, 19, 23, 0]
4159984	2		Ties		[0, 9, 9, 18]
4159984	3		Lead changes		[0, 4, 4, 8]
4159986	0	779	Wheaton (MA)	http://stats.ncaa.org/team/779/12426	[25, 24, 18, 15, 1]
4159986	1	762	Wentworth	http://stats.ncaa.org/team/762/12426	[19, 26, 25, 25, 3]
4159986	2		Ties		[0]
4159986	3		Lead changes		[0]
4159988	0		Penn St.-Brandywine		[25, 25, 20, 25, 3]
4159988	1	82	Bryn Mawr	http://stats.ncaa.org/team/82/12426	[15, 21, 25, 22, 1]
4159988	2		Ties		[2, 3, 0, 0, 5]
4159988	3		Lead changes		[1, 0, 0, 0, 1]
4159990	0	372	Luther	http://stats.ncaa.org/team/372/12426	[20, 17, 22, 0]
4159990	1	612	Saint Mary's (MN)	http://stats.ncaa.org/team/612/12426	[25, 25, 25, 3]
4159990	2		Ties		[7, 2, 11, 20]
4159990	3		Lead changes		[4, 0, 3, 7]
4160007	0	195	Earlham	http://stats.ncaa.org/team/195/12426	[13, 26, 23, 23, 1]
4160007	1	182	Denison	http://stats.ncaa.org/team/182/12426	[25, 24, 25, 25, 3]
4160007	2		Ties		[0]
4160007	3		Lead changes		[0]
4160010	0	987	Bluffton	http://stats.ncaa.org/team/987/12426	[18, 25, 25, 30, 3]
4160010	1	805	Wis.-Whitewater	http://stats.ncaa.org/team/805/12426	[25, 21, 19, 28, 1]
4160010	2		Ties		[1, 3, 1, 6, 11]
4160010	3		Lead changes		[1, 3, 0, 3, 7]
4160012	0	987	Bluffton	http://stats.ncaa.org/team/987/12426	[12, 16, 20, 0]
4160012	1	212	Elmhurst	http://stats.ncaa.org/team/212/12426	[25, 25, 25, 3]
4160012	2		Ties		[4, 0, 2, 6]
4160012	3		Lead changes		[1, 0, 1, 2]
4160014	0	238	Framingham St.	http://stats.ncaa.org/team/238/12426	[19, 25, 17, 16, 1]
4160014	1	580	RIT	http://stats.ncaa.org/team/580/12426	[25, 21, 25, 25, 3]
4160014	2		Ties		[2, 9, 8, 1, 20]
4160014	3		Lead changes		[1, 7, 4, 0, 12]
4160019	0	1115	Hanover	http://stats.ncaa.org/team/1115/12426	[25, 22, 21, 25, 15, 3]
4160019	1	177	DePauw	http://stats.ncaa.org/team/177/12426	[16, 25, 25, 20, 12, 2]
4160019	2		Ties		[2, 8, 1, 1, 9, 21]
4160019	3		Lead changes		[1, 5, 1, 1, 6, 14]
4160034	0		SUNY Delhi		[22, 15, 15, 0]
4160034	1	30160	Houghton	http://stats.ncaa.org/team/30160/12426	[25, 25, 25, 3]
4160034	2		Ties		[0]
4160034	3		Lead changes		[0]
4160041	0	40	Augustana (IL)	http://stats.ncaa.org/team/40/12426	[18, 18, 14, 0]
4160041	1	805	Wis.-Whitewater	http://stats.ncaa.org/team/805/12426	[25, 25, 25, 3]
4160041	2		Ties		[6, 6, 0, 12]
4160041	3		Lead changes		[1, 2, 0, 3]
4160042	0	78	Brockport	http://stats.ncaa.org/team/78/12426	[25, 25, 25, 3]
4160042	1	607	St. Lawrence	http://stats.ncaa.org/team/607/12426	[17, 15, 21, 0]
4160042	2		Ties		[0]
4160042	3		Lead changes		[0]
4160045	0	1468	Mt. St. Mary (NY)	http://stats.ncaa.org/team/1468/12426	[13, 9, 17, 0]
4160045	1	762	Wentworth	http://stats.ncaa.org/team/762/12426	[25, 25, 25, 3]
4160045	2		Ties		[5, 1, 2, 8]
4160045	3		Lead changes		[2, 1, 0, 3]
4160057	0	38	Augsburg	http://stats.ncaa.org/team/38/12426	[23, 25, 25, 22, 15, 3]
4160057	1	364	Loras	http://stats.ncaa.org/team/364/12426	[25, 15, 19, 25, 9, 2]
4160057	2		Ties		[5, 4, 7, 4, 1, 21]
4160057	3		Lead changes		[2, 3, 4, 3, 1, 13]
4160059	0	38	Augsburg	http://stats.ncaa.org/team/38/12426	[21, 16, 17, 0]
4160059	1	803	Wis.-Stout	http://stats.ncaa.org/team/803/12426	[25, 25, 25, 3]
4160059	2		Ties		[0, 7, 2, 9]
4160059	3		Lead changes		[0, 3, 0, 3]
4160070	0	221	FDU-Florham	http://stats.ncaa.org/team/221/12426	[22, 26, 25, 19, 15, 3]
4160070	1	633	Scranton	http://stats.ncaa.org/team/633/12426	[25, 24, 23, 25, 12, 2]
4160070	2		Ties		[4, 6, 6, 4, 3, 23]
4160070	3		Lead changes		[2, 4, 1, 1, 1, 9]
4160077	0	21	Alma	http://stats.ncaa.org/team/21/12426	[25, 25, 25, 3]
4160077	1	192	Dubuque	http://stats.ncaa.org/team/192/12426	[22, 19, 19, 0]
4160077	2		Ties		[5, 7, 4, 16]
4160077	3		Lead changes		[0, 2, 4, 6]
4160084	0	595	Saint Benedict	http://stats.ncaa.org/team/595/12426	[25, 17, 23, 25, 15, 3]
4160084	1	217	Emory	http://stats.ncaa.org/team/217/12426	[20, 25, 25, 23, 6, 2]
4160084	2		Ties		[5, 5, 7, 6, 1, 24]
4160084	3		Lead changes		[2, 3, 4, 1, 0, 10]
4160100	0	486	MCLA	http://stats.ncaa.org/team/486/12426	[21, 18, 26, 25, 7, 2]
4160100	1	30067	Morrisville St.	http://stats.ncaa.org/team/30067/12426	[25, 25, 24, 17, 15, 3]
4160100	2		Ties		[7, 5, 10, 3, 1, 26]
4160100	3		Lead changes		[3, 3, 6, 2, 1, 15]
4160102	0	478	SUNY Maritime	http://stats.ncaa.org/team/478/12426	[27, 16, 12, 23, 1]
4160102	1	30067	Morrisville St.	http://stats.ncaa.org/team/30067/12426	[25, 25, 25, 25, 3]
4160102	2		Ties		[9, 2, 4, 7, 22]
4160102	3		Lead changes		[4, 2, 1, 4, 11]
4160107	0	152	Colby-Sawyer	http://stats.ncaa.org/team/152/12426	[25, 25, 25, 3]
4160107	1	1340	St. Joseph's (L.I.)	http://stats.ncaa.org/team/1340/12426	[23, 18, 20, 0]
4160107	2		Ties		[13, 0, 13]
4160107	3		Lead changes		[8, 0, 8]
4160113	0	322	Johns Hopkins	http://stats.ncaa.org/team/322/12426	[13, 18, 15, 0]
4160113	1	442	Montclair St.	http://stats.ncaa.org/team/442/12426	[25, 25, 25, 3]
4160113	2		Ties		[0]
4160113	3		Lead changes		[0]
4160122	0	802	Wis.-Stevens Point	http://stats.ncaa.org/team/802/12426	[25, 25, 25, 3]
4160122	1	30032	Finlandia	http://stats.ncaa.org/team/30032/12426	[8, 12, 14, 0]
4160122	2		Ties		[0, 0, 0, 0]
4160122	3		Lead changes		[0, 0, 0, 0]
4160124	0	492	North Central (IL)	http://stats.ncaa.org/team/492/12426	[18, 16, 26, 0]
4160124	1	801	Wis.-River Falls	http://stats.ncaa.org/team/801/12426	[25, 25, 28, 3]
4160124	2		Ties		[0]
4160124	3		Lead changes		[0]
4160132	0	681	Stockton	http://stats.ncaa.org/team/681/12426	[19, 25, 25, 20, 15, 3]
4160132	1	242	Fredonia	http://stats.ncaa.org/team/242/12426	[25, 19, 17, 25, 11, 2]
4160132	2		Ties		[0]
4160132	3		Lead changes		[0]
4160138	0	21	Alma	http://stats.ncaa.org/team/21/12426	[25, 25, 25, 3]
4160138	1	344	Lake Forest	http://stats.ncaa.org/team/344/12426	[21, 22, 17, 0]
4160138	2		Ties		[13, 2, 0, 15]
4160138	3		Lead changes		[7, 1, 0, 8]
4160140	0	1390	Sul Ross St.	http://stats.ncaa.org/team/1390/12426	[25, 21, 11, 21, 1]
4160140	1	1355	Schreiner	http://stats.ncaa.org/team/1355/12426	[23, 25, 25, 25, 3]
4160140	2		Ties		[8, 7, 3, 3, 21]
4160140	3		Lead changes		[5, 3, 1, 2, 11]
4160149	0	773	McDaniel	http://stats.ncaa.org/team/773/12426	[12, 21, 23, 0]
4160149	1	411	Messiah	http://stats.ncaa.org/team/411/12426	[25, 25, 25, 3]
4160149	2		Ties		[0]
4160149	3		Lead changes		[0]
4160154	0	84	Buena Vista	http://stats.ncaa.org/team/84/12426	[22, 23, 25, 25, 11, 2]
4160154	1	118	Carleton	http://stats.ncaa.org/team/118/12426	[25, 25, 21, 22, 15, 3]
4160154	2		Ties		[11, 11, 3, 11, 4, 40]
4160154	3		Lead changes		[5, 5, 0, 2, 0, 12]
4160159	0		Lincoln Christian		[25, 17, 25, 25, 3]
4160159	1	438	Monmouth (IL)	http://stats.ncaa.org/team/438/12426	[17, 25, 22, 21, 1]
4160159	2		Ties		[0]
4160159	3		Lead changes		[0]
4160160	0	555	Principia	http://stats.ncaa.org/team/555/12426	[26, 25, 25, 3]
4160160	1	438	Monmouth (IL)	http://stats.ncaa.org/team/438/12426	[24, 13, 21, 0]
4160160	2		Ties		[0]
4160160	3		Lead changes		[0]
4160167	0	1390	Sul Ross St.	http://stats.ncaa.org/team/1390/12426	[18, 16, 17, 0]
4160167	1	1044	Dallas	http://stats.ncaa.org/team/1044/12426	[25, 25, 25, 3]
4160167	2		Ties		[1, 0, 3, 4]
4160167	3		Lead changes		[0, 0, 1, 1]
4160168	0	225	Ferrum	http://stats.ncaa.org/team/225/12426	[20, 14, 22, 0]
4160168	1	409	Meredith	http://stats.ncaa.org/team/409/12426	[25, 25, 25, 3]
4160168	2		Ties		[0]
4160168	3		Lead changes		[0]
4160169	0	733	Utica	http://stats.ncaa.org/team/733/12426	[13, 12, 17, 0]
4160169	1	242	Fredonia	http://stats.ncaa.org/team/242/12426	[25, 25, 25, 3]
4160169	2		Ties		[0]
4160169	3		Lead changes		[0]
4160172	0	30038	Bethany Lutheran	http://stats.ncaa.org/team/30038/12426	[14, 13, 7, 0]
4160172	1	118	Carleton	http://stats.ncaa.org/team/118/12426	[25, 25, 25, 3]
4160172	2		Ties		[1, 3, 0, 4]
4160172	3		Lead changes		[0, 2, 0, 2]
4160180	0	581	Rochester (NY)	http://stats.ncaa.org/team/581/12426	[25, 25, 25, 3]
4160180	1	242	Fredonia	http://stats.ncaa.org/team/242/12426	[8, 22, 14, 0]
4160180	2		Ties		[0]
4160180	3		Lead changes		[0]
4160181	0	1066	Edgewood	http://stats.ncaa.org/team/1066/12426	[19, 18, 17, 0]
4160181	1	755	Washington-St. Louis	http://stats.ncaa.org/team/755/12426	[25, 25, 25, 3]
4160181	2		Ties		[6, 0, 5, 11]
4160181	3		Lead changes		[3, 0, 3, 6]
4160188	0	330	Keene St.	http://stats.ncaa.org/team/330/12426	[14, 21, 25, 9, 1]
4160188	1	564	Ramapo	http://stats.ncaa.org/team/564/12426	[25, 25, 21, 25, 3]
4160188	2		Ties		[2, 7, 6, 2, 17]
4160188	3		Lead changes		[2, 6, 4, 1, 13]
4160189	0	16142	Misericordia	http://stats.ncaa.org/team/16142/12426	[15, 23, 21, 0]
4160189	1	168	SUNY Cortland	http://stats.ncaa.org/team/168/12426	[25, 25, 25, 3]
4160189	2		Ties		[0]
4160189	3		Lead changes		[0]
4160191	0	18	Alfred	http://stats.ncaa.org/team/18/12426	[22, 15, 25, 25, 8, 2]
4160191	1	168	SUNY Cortland	http://stats.ncaa.org/team/168/12426	[25, 25, 22, 12, 15, 3]
4160191	2		Ties		[0]
4160191	3		Lead changes		[0]
4160202	0	1164	Lakeland	http://stats.ncaa.org/team/1164/12426	[20, 20, 26, 18, 1]
4160202	1	21	Alma	http://stats.ncaa.org/team/21/12426	[25, 25, 24, 25, 3]
4160202	2		Ties		[0]
4160202	3		Lead changes		[0]
4160210	0	8490	LeTourneau	http://stats.ncaa.org/team/8490/12426	[23, 20, 22, 0]
4160210	1	953	Austin	http://stats.ncaa.org/team/953/12426	[25, 25, 25, 3]
4160210	2		Ties		[1, 8, 9, 18]
4160210	3		Lead changes		[0, 4, 4, 8]
4160211	0	581	Rochester (NY)	http://stats.ncaa.org/team/581/12426	[20, 25, 25, 16, 1]
4160211	1	168	SUNY Cortland	http://stats.ncaa.org/team/168/12426	[25, 22, 27, 25, 3]
4160211	2		Ties		[0]
4160211	3		Lead changes		[0]
4160212	0	681	Stockton	http://stats.ncaa.org/team/681/12426	[25, 25, 24, 25, 3]
4160212	1	168	SUNY Cortland	http://stats.ncaa.org/team/168/12426	[15, 21, 26, 17, 1]
4160212	2		Ties		[0]
4160212	3		Lead changes		[0]
4160214	0	780	Whitman	http://stats.ncaa.org/team/780/12426	[23, 20, 25, 24, 1]
4160214	1	113	UC Santa Cruz	http://stats.ncaa.org/team/113/12426	[25, 25, 22, 26, 3]
4160214	2		Ties		[10, 7, 2, 4, 23]
4160214	3		Lead changes		[5, 2, 0, 0, 7]
4160225	0	1164	Lakeland	http://stats.ncaa.org/team/1164/12426	[26, 25, 25, 25, 3]
4160225	1	344	Lake Forest	http://stats.ncaa.org/team/344/12426	[28, 12, 15, 17, 1]
4160225	2		Ties		[11, 0, 3, 2, 16]
4160225	3		Lead changes		[7, 0, 1, 1, 9]
4160241	0	442	Montclair St.	http://stats.ncaa.org/team/442/12426	[14, 18, 19, 0]
4160241	1	411	Messiah	http://stats.ncaa.org/team/411/12426	[25, 25, 25, 3]
4160241	2		Ties		[0]
4160241	3		Lead changes		[0]
4160261	0	125	Centenary (LA)	http://stats.ncaa.org/team/125/12426	[25, 16, 13, 21, 1]
4160261	1	8490	LeTourneau	http://stats.ncaa.org/team/8490/12426	[19, 25, 25, 25, 3]
4160261	2		Ties		[0, 6, 0, 11, 17]
4160261	3		Lead changes		[0, 4, 0, 5, 9]
4160267	0	329	Kean	http://stats.ncaa.org/team/329/12426	[25, 25, 25, 3]
4160267	1	486	MCLA	http://stats.ncaa.org/team/486/12426	[18, 15, 6, 0]
4160267	2		Ties		[0]
4160267	3		Lead changes		[0]
4160275	0	409	Meredith	http://stats.ncaa.org/team/409/12426	[25, 25, 25, 3]
4160275	1	30036	Mount Aloysius	http://stats.ncaa.org/team/30036/12426	[10, 22, 16, 0]
4160275	2		Ties		[0]
4160275	3		Lead changes		[0]
4160284	0	722	Coast Guard	http://stats.ncaa.org/team/722/12426	[20, 11, 19, 0]
4160284	1	581	Rochester (NY)	http://stats.ncaa.org/team/581/12426	[25, 25, 25, 3]
4160284	2		Ties		[0]
4160284	3		Lead changes		[0]
4160287	0	23725	Medaille	http://stats.ncaa.org/team/23725/12426	[10, 25, 16, 20, 1]
4160287	1	730	Ursinus	http://stats.ncaa.org/team/730/12426	[25, 17, 25, 25, 3]
4160287	2		Ties		[0]
4160287	3		Lead changes		[0]
4160295	0	30028	Texas-Tyler	http://stats.ncaa.org/team/30028/12426	[24, 30, 25, 20, 15, 3]
4160295	1	2751	Pacific (OR)	http://stats.ncaa.org/team/2751/12426	[26, 28, 18, 25, 6, 2]
4160295	2		Ties		[10, 16, 4, 2, 0, 32]
4160295	3		Lead changes		[6, 6, 1, 0, 0, 13]
4160306	0	966	Arcadia	http://stats.ncaa.org/team/966/12426	[19, 14, 12, 0]
4160306	1	390	Mary Washington	http://stats.ncaa.org/team/390/12426	[25, 25, 25, 3]
4160306	2		Ties		[0]
4160306	3		Lead changes		[0]
4160343	0	1174	Limestone	http://stats.ncaa.org/team/1174/12426	[22, 25, 25, 15, 15, 3]
4160343	1	1162	LaGrange	http://stats.ncaa.org/team/1162/12426	[25, 12, 14, 25, 9, 2]
4160343	2		Ties		[4, 3, 0, 0, 3, 10]
4160343	3		Lead changes		[0, 1, 0, 0, 2, 3]
4160362	0	1192	Manchester	http://stats.ncaa.org/team/1192/12426	[20, 15, 25, 22, 1]
4160362	1	525	Olivet	http://stats.ncaa.org/team/525/12426	[25, 25, 18, 25, 3]
4160362	2		Ties		[8, 5, 9, 10, 32]
4160362	3		Lead changes		[3, 3, 5, 3, 14]
4160376	0	566	Randolph	http://stats.ncaa.org/team/566/12426	[25, 21, 25, 25, 3]
4160376	1	491	N.C. Wesleyan	http://stats.ncaa.org/team/491/12426	[22, 25, 20, 18, 1]
4160376	2		Ties		[0]
4160376	3		Lead changes		[0]
4160380	0	763	Wesley	http://stats.ncaa.org/team/763/12426	[25, 25, 25, 3]
4160380	1	730	Ursinus	http://stats.ncaa.org/team/730/12426	[20, 22, 17, 0]
4160380	2		Ties		[0]
4160380	3		Lead changes		[0]
4160410	0	773	McDaniel	http://stats.ncaa.org/team/773/12426	[25, 22, 21, 26, 8, 2]
4160410	1	442	Montclair St.	http://stats.ncaa.org/team/442/12426	[23, 25, 25, 24, 15, 3]
4160410	2		Ties		[0]
4160410	3		Lead changes		[0]
4160414	0	8530	McMurry	http://stats.ncaa.org/team/8530/12426	[22, 25, 25, 25, 3]
4160414	1	125	Centenary (LA)	http://stats.ncaa.org/team/125/12426	[25, 20, 18, 22, 1]
4160414	2		Ties		[0, 5, 5, 9, 19]
4160414	3		Lead changes		[0, 3, 3, 3, 9]
4160444	0	28593	Birmingham-So.	http://stats.ncaa.org/team/28593/12426	[25, 15, 30, 23, 11, 2]
4160444	1	798	Wis.-Oshkosh	http://stats.ncaa.org/team/798/12426	[20, 25, 28, 25, 15, 3]
4160444	2		Ties		[13, 0, 9, 4, 2, 28]
4160444	3		Lead changes		[6, 0, 3, 1, 0, 10]
4160464	0	30172	IIT	http://stats.ncaa.org/team/30172/12426	[26, 22, 25, 22, 14, 2]
4160464	1	53	Beloit	http://stats.ncaa.org/team/53/12426	[24, 25, 21, 25, 16, 3]
4160464	2		Ties		[0]
4160464	3		Lead changes		[0]
4160472	0	330	Keene St.	http://stats.ncaa.org/team/330/12426	[25, 25, 19, 25, 3]
4160472	1	547	Plattsburgh St.	http://stats.ncaa.org/team/547/12426	[23, 17, 25, 22, 1]
4160472	2		Ties		[4, 0, 6, 1, 11]
4160472	3		Lead changes		[3, 0, 3, 0, 6]
4160487	0	737	Vassar	http://stats.ncaa.org/team/737/12426	[17, 19, 25, 25, 10, 2]
4160487	1	121	Carthage	http://stats.ncaa.org/team/121/12426	[25, 25, 22, 18, 15, 3]
4160487	2		Ties		[0, 12, 1, 4, 3, 20]
4160487	3		Lead changes		[0, 5, 1, 0, 2, 8]
4160488	0	15	Albion	http://stats.ncaa.org/team/15/12426	[25, 25, 25, 3]
4160488	1	2694	Franklin	http://stats.ncaa.org/team/2694/12426	[14, 15, 21, 0]
4160488	2		Ties		[0]
4160488	3		Lead changes		[0]
4160497	0		Lincoln Christian		[24, 25, 20, 25, 1]
4160497	1	555	Principia	http://stats.ncaa.org/team/555/12426	[26, 17, 25, 27, 3]
4160497	2		Ties		[0]
4160497	3		Lead changes		[0]
4160504	0	1044	Dallas	http://stats.ncaa.org/team/1044/12426	[19, 21, 13, 0]
4160504	1	1203	Mary Hardin-Baylor	http://stats.ncaa.org/team/1203/12426	[25, 25, 25, 3]
4160504	2		Ties		[2, 2, 1, 5]
4160504	3		Lead changes		[1, 2, 0, 3]
4160513	0		Concordia (MI)		[16, 22, 18, 0]
4160513	1	1036	Concordia Wisconsin	http://stats.ncaa.org/team/1036/12426	[25, 25, 25, 3]
4160513	2		Ties		[6, 6, 2, 14]
4160513	3		Lead changes		[4, 4, 1, 9]
4160519	0	1036	Concordia Wisconsin	http://stats.ncaa.org/team/1036/12426	[25, 25, 25, 3]
4160519	1	24400	Concordia (TX)	http://stats.ncaa.org/team/24400/12426	[21, 12, 20, 0]
4160519	2		Ties		[8, 1, 1, 10]
4160519	3		Lead changes		[2, 0, 0, 2]
4160522	0		Penn St.-Brandywine		[25, 25, 22, 25, 15, 3]
4160522	1	319	New Jersey City	http://stats.ncaa.org/team/319/12426	[27, 18, 25, 19, 8, 2]
4160522	2		Ties		[4, 3, 9, 8, 2, 26]
4160522	3		Lead changes		[2, 1, 3, 4, 2, 12]
4160535	0	8688	St. Mary's (IN)	http://stats.ncaa.org/team/8688/12426	[15, 25, 20, 17, 1]
4160535	1	620	St. Thomas (MN)	http://stats.ncaa.org/team/620/12426	[25, 21, 25, 25, 3]
4160535	2		Ties		[1, 1, 5, 0, 7]
4160535	3		Lead changes		[1, 1, 1, 0, 3]
4160563	0	1254	Neumann	http://stats.ncaa.org/team/1254/12426	[20, 19, 19, 0]
4160563	1	134	Chapman	http://stats.ncaa.org/team/134/12426	[25, 25, 25, 3]
4160563	2		Ties		[1, 0, 2, 3]
4160563	3		Lead changes		[0, 0, 1, 1]
4160572	0	1062	East Tex. Baptist	http://stats.ncaa.org/team/1062/12426	[20, 25, 25, 16, 11, 2]
4160572	1	1400	Texas Lutheran	http://stats.ncaa.org/team/1400/12426	[25, 19, 21, 25, 15, 3]
4160572	2		Ties		[1, 9, 10, 2, 1, 23]
4160572	3		Lead changes		[1, 4, 5, 0, 1, 11]
4160600	0	120	Carroll (WI)	http://stats.ncaa.org/team/120/12426	[17, 16, 25, 21, 1]
4160600	1	597	St. Catherine	http://stats.ncaa.org/team/597/12426	[25, 25, 20, 25, 3]
4160600	2		Ties		[3, 8, 10, 5, 26]
4160600	3		Lead changes		[1, 7, 8, 1, 17]
4160602	0	30039	North Central (MN)	http://stats.ncaa.org/team/30039/12426	[27, 18, 16, 0]
4160602	1	30172	IIT	http://stats.ncaa.org/team/30172/12426	[29, 25, 25, 3]
4160602	2		Ties		[0]
4160602	3		Lead changes		[0]
4160607	0	397	Marywood	http://stats.ncaa.org/team/397/12426	[18, 18, 25, 23, 1]
4160607	1	245	Gallaudet	http://stats.ncaa.org/team/245/12426	[25, 25, 21, 25, 3]
4160607	2		Ties		[10, 0, 1, 8, 19]
4160607	3		Lead changes		[2, 0, 1, 3, 6]
4160642	0	1297	Pacific Lutheran	http://stats.ncaa.org/team/1297/12426	[25, 25, 27, 3]
4160642	1	737	Vassar	http://stats.ncaa.org/team/737/12426	[9, 23, 25, 0]
4160642	2		Ties		[0, 8, 3, 11]
4160642	3		Lead changes		[0, 5, 2, 7]
4160699	0	564	Ramapo	http://stats.ncaa.org/team/564/12426	[22, 19, 24, 0]
4160699	1	479	NYU	http://stats.ncaa.org/team/479/12426	[25, 25, 26, 3]
4160699	2		Ties		[5, 6, 3, 14]
4160699	3		Lead changes		[3, 3, 0, 6]
4160847	0	22626	Johnson & Wales (RI)	http://stats.ncaa.org/team/22626/12426	[27, 25, 25, 3]
4160847	1	8981	Endicott	http://stats.ncaa.org/team/8981/12426	[25, 16, 21, 0]
4160847	2		Ties		[0]
4160847	3		Lead changes		[0]
4160908	0	215	Emmanuel (MA)	http://stats.ncaa.org/team/215/12426	[14, 14, 10, 0]
4160908	1	8968	Eastern	http://stats.ncaa.org/team/8968/12426	[25, 25, 25, 3]
4160908	2		Ties		[3, 3, 0, 6]
4160908	3		Lead changes		[1, 1, 0, 2]
4160911	0	760	Wellesley	http://stats.ncaa.org/team/760/12426	[11, 24, 23, 0]
4160911	1	22626	Johnson & Wales (RI)	http://stats.ncaa.org/team/22626/12426	[25, 26, 25, 3]
4160911	2		Ties		[0]
4160911	3		Lead changes		[0]
4160937	0	453	Muhlenberg	http://stats.ncaa.org/team/453/12426	[13, 16, 20, 0]
4160937	1	8968	Eastern	http://stats.ncaa.org/team/8968/12426	[25, 25, 25, 3]
4160937	2		Ties		[5, 9, 5, 19]
4160937	3		Lead changes		[0, 6, 2, 8]
4160961	0	548	Plymouth St.	http://stats.ncaa.org/team/548/12426	[23, 12, 11, 0]
4160961	1	22626	Johnson & Wales (RI)	http://stats.ncaa.org/team/22626/12426	[25, 25, 25, 3]
4160961	2		Ties		[0]
4160961	3		Lead changes		[0]
4161014	0	216	Emory & Henry	http://stats.ncaa.org/team/216/12426	[23, 15, 26, 0]
4161014	1	44	Averett	http://stats.ncaa.org/team/44/12426	[25, 25, 28, 3]
4161014	2		Ties		[0, 2, 10, 12]
4161014	3		Lead changes		[0, 0, 4, 4]
4161076	0	390	Mary Washington	http://stats.ncaa.org/team/390/12426	[25, 25, 25, 3]
4161076	1	398	MIT	http://stats.ncaa.org/team/398/12426	[21, 11, 13, 0]
4161076	2		Ties		[5, 2, 3, 10]
4161076	3		Lead changes		[0, 1, 1, 2]
4161139	0	398	MIT	http://stats.ncaa.org/team/398/12426	[18, 25, 10, 14, 1]
4161139	1	278	Heidelberg	http://stats.ncaa.org/team/278/12426	[25, 19, 25, 25, 3]
4161139	2		Ties		[4, 7, 0, 2, 13]
4161139	3		Lead changes		[1, 3, 0, 2, 6]
4161145	0	486	MCLA	http://stats.ncaa.org/team/486/12426	[25, 23, 22, 25, 15, 3]
4161145	1	478	SUNY Maritime	http://stats.ncaa.org/team/478/12426	[18, 25, 25, 12, 11, 2]
4161145	2		Ties		[6, 7, 17, 2, 3, 35]
4161145	3		Lead changes		[3, 3, 10, 2, 3, 21]
4161213	0	278	Heidelberg	http://stats.ncaa.org/team/278/12426	[23, 22, 25, 25, 15, 3]
4161213	1	276	Haverford	http://stats.ncaa.org/team/276/12426	[25, 25, 19, 12, 5, 2]
4161213	2		Ties		[9, 2, 1, 2, 0, 14]
4161213	3		Lead changes		[6, 1, 1, 2, 0, 10]
4161217	0	179	Delaware Valley	http://stats.ncaa.org/team/179/12426	[6, 12, 15, 0]
4161217	1	276	Haverford	http://stats.ncaa.org/team/276/12426	[25, 25, 25, 3]
4161217	2		Ties		[0, 2, 4, 6]
4161217	3		Lead changes		[0, 1, 3, 4]
4161256	0	8530	McMurry	http://stats.ncaa.org/team/8530/12426	[20, 25, 25, 25, 3]
4161256	1	1355	Schreiner	http://stats.ncaa.org/team/1355/12426	[25, 23, 17, 23, 1]
4161256	2		Ties		[3, 10, 2, 11, 26]
4161256	3		Lead changes		[2, 6, 2, 4, 14]
4161309	0	273	Hartwick	http://stats.ncaa.org/team/273/12426	[25, 22, 25, 23, 15, 3]
4161309	1	486	MCLA	http://stats.ncaa.org/team/486/12426	[21, 25, 20, 25, 11, 2]
4161309	2		Ties		[8, 0, 7, 1, 1, 17]
4161309	3		Lead changes		[4, 0, 6, 0, 1, 11]
4161314	0	542	Pfeiffer	http://stats.ncaa.org/team/542/12426	[16, 20, 26, 11, 1]
4161314	1	412	Methodist	http://stats.ncaa.org/team/412/12426	[25, 25, 24, 25, 3]
4161314	2		Ties		[5, 5, 4, 2, 16]
4161314	3		Lead changes		[3, 2, 4, 1, 10]
4161315	0	412	Methodist	http://stats.ncaa.org/team/412/12426	[17, 25, 25, 23, 18, 2]
4161315	1	594	Saint Augustine's	http://stats.ncaa.org/team/594/12426	[25, 17, 18, 25, 20, 3]
4161315	2		Ties		[2, 0, 7, 19, 10, 38]
4161315	3		Lead changes		[2, 0, 3, 8, 8, 21]
4161324	0	966	Arcadia	http://stats.ncaa.org/team/966/12426	[22, 17, 19, 0]
4161324	1	394	Marymount (VA)	http://stats.ncaa.org/team/394/12426	[25, 25, 25, 3]
4161324	2		Ties		[7, 2, 1, 10]
4161324	3		Lead changes		[3, 0, 0, 3]
4161334	0	216	Emory & Henry	http://stats.ncaa.org/team/216/12426	[14, 20, 20, 0, 0, 0]
4161334	1		Milligan		[25, 25, 25, 0, 0, 3]
4161334	2		Ties		[0]
4161334	3		Lead changes		[0]
4161350	0	200	Eastern Conn. St.	http://stats.ncaa.org/team/200/12426	[25, 25, 25, 3]
4161350	1	30067	Morrisville St.	http://stats.ncaa.org/team/30067/12426	[22, 16, 13, 0]
4161350	2		Ties		[9, 4, 4, 17]
4161350	3		Lead changes		[3, 2, 1, 6]
4161361	0	243	Frostburg St.	http://stats.ncaa.org/team/243/12426	[25, 25, 25, 3]
4161361	1	566	Randolph	http://stats.ncaa.org/team/566/12426	[21, 21, 20, 0]
4161361	2		Ties		[0]
4161361	3		Lead changes		[0]
4161383	0	216	Emory & Henry	http://stats.ncaa.org/team/216/12426	[25, 25, 19, 25, 3]
4161383	1	243	Frostburg St.	http://stats.ncaa.org/team/243/12426	[15, 17, 25, 23, 1]
4161383	2		Ties		[0]
4161383	3		Lead changes		[0]
4161412	0	145	Clark (MA)	http://stats.ncaa.org/team/145/12426	[25, 26, 25, 27, 3]
4161412	1	394	Marymount (VA)	http://stats.ncaa.org/team/394/12426	[22, 28, 20, 25, 1]
4161412	2		Ties		[9, 2, 6, 5, 22]
4161412	3		Lead changes		[4, 1, 2, 3, 10]
4161456	0	216	Emory & Henry	http://stats.ncaa.org/team/216/12426	[20, 17, 23, 0]
4161456	1	1112	Guilford	http://stats.ncaa.org/team/1112/12426	[25, 25, 25, 3]
4161456	2		Ties		[5, 1, 3, 9]
4161456	3		Lead changes		[2, 1, 2, 5]
4161539	0	179	Delaware Valley	http://stats.ncaa.org/team/179/12426	[9, 9, 24, 0]
4161539	1	394	Marymount (VA)	http://stats.ncaa.org/team/394/12426	[25, 25, 26, 3]
4161539	2		Ties		[0]
4161539	3		Lead changes		[0]
4161551	0	585	Rose-Hulman	http://stats.ncaa.org/team/585/12426	[21, 16, 21, 0]
4161551	1	755	Washington-St. Louis	http://stats.ncaa.org/team/755/12426	[25, 25, 25, 3]
4161551	2		Ties		[0]
4161551	3		Lead changes		[0]
4161561	0	200	Eastern Conn. St.	http://stats.ncaa.org/team/200/12426	[25, 25, 25, 3]
4161561	1	273	Hartwick	http://stats.ncaa.org/team/273/12426	[20, 23, 20, 0]
4161561	2		Ties		[0]
4161561	3		Lead changes		[0]
4161566	0	398	MIT	http://stats.ncaa.org/team/398/12426	[25, 25, 25, 3]
4161566	1	179	Delaware Valley	http://stats.ncaa.org/team/179/12426	[16, 5, 17, 0]
4161566	2		Ties		[0]
4161566	3		Lead changes		[0]
4161576	0	779	Wheaton (MA)	http://stats.ncaa.org/team/779/12426	[25, 25, 25, 3]
4161576	1	962	Bard	http://stats.ncaa.org/team/962/12426	[12, 12, 13, 0]
4161576	2		Ties		[0]
4161576	3		Lead changes		[0]
4161579	0	242	Fredonia	http://stats.ncaa.org/team/242/12426	[25, 25, 25, 3]
4161579	1	16142	Misericordia	http://stats.ncaa.org/team/16142/12426	[19, 23, 15, 0]
4161579	2		Ties		[0]
4161579	3		Lead changes		[0]
4161589	0	134	Chapman	http://stats.ncaa.org/team/134/12426	[21, 23, 25, 22, 1]
4161589	1	727	Union (NY)	http://stats.ncaa.org/team/727/12426	[25, 25, 22, 25, 3]
4161589	2		Ties		[5, 5, 5, 12, 27]
4161589	3		Lead changes		[2, 4, 2, 5, 13]
4161621	0	397	Marywood	http://stats.ncaa.org/team/397/12426	[21, 14, 17, 0]
4161621	1	411	Messiah	http://stats.ncaa.org/team/411/12426	[25, 25, 25, 3]
4161621	2		Ties		[0]
4161621	3		Lead changes		[0]
4161661	0	455	Muskingum	http://stats.ncaa.org/team/455/12426	[25, 11, 25, 25, 3]
4161661	1	19	Allegheny	http://stats.ncaa.org/team/19/12426	[16, 25, 21, 19, 1]
4161661	2		Ties		[0]
4161661	3		Lead changes		[0]
4161737	0	526	SUNY Oneonta	http://stats.ncaa.org/team/526/12426	[25, 25, 25, 3]
4161737	1	583	Roger Williams	http://stats.ncaa.org/team/583/12426	[18, 23, 21, 0]
4161737	2		Ties		[0]
4161737	3		Lead changes		[0]
4161749	0		Concordia (MI)		[19, 26, 18, 14, 1]
4161749	1	24400	Concordia (TX)	http://stats.ncaa.org/team/24400/12426	[25, 24, 25, 25, 3]
4161749	2		Ties		[8, 2, 11, 4, 25]
4161749	3		Lead changes		[3, 2, 5, 0, 10]
4161750	0	70	Bowie St.	http://stats.ncaa.org/team/70/12426	[3, 10, 9, 0]
4161750	1	8600	Notre Dame (MD)	http://stats.ncaa.org/team/8600/12426	[25, 25, 25, 3]
4161750	2		Ties		[1, 0, 2, 3]
4161750	3		Lead changes		[0, 0, 1, 1]
4161800	0	622	Salisbury	http://stats.ncaa.org/team/622/12426	[12, 25, 14, 10, 1]
4161800	1	119	Carnegie Mellon	http://stats.ncaa.org/team/119/12426	[25, 20, 25, 25, 3]
4161800	2		Ties		[0]
4161800	3		Lead changes		[0]
4161885	0	329	Kean	http://stats.ncaa.org/team/329/12426	[25, 21, 25, 17, 15, 3]
4161885	1	200	Eastern Conn. St.	http://stats.ncaa.org/team/200/12426	[21, 25, 23, 25, 10, 2]
4161885	2		Ties		[0]
4161885	3		Lead changes		[0]
4161888	0	2751	Pacific (OR)	http://stats.ncaa.org/team/2751/12426	[25, 25, 25, 3]
4161888	1	1390	Sul Ross St.	http://stats.ncaa.org/team/1390/12426	[20, 23, 19, 0]
4161888	2		Ties		[4, 13, 2, 19]
4161888	3		Lead changes		[1, 7, 0, 8]
4161901	0	23413	Trinity Washington	http://stats.ncaa.org/team/23413/12426	[1, 10, 7, 0]
4161901	1	8600	Notre Dame (MD)	http://stats.ncaa.org/team/8600/12426	[25, 25, 25, 3]
4161901	2		Ties		[0]
4161901	3		Lead changes		[0]
4161905	0	2694	Franklin	http://stats.ncaa.org/team/2694/12426	[25, 25, 25, 3]
4161905	1	326	Kalamazoo	http://stats.ncaa.org/team/326/12426	[19, 16, 22, 0]
4161905	2		Ties		[0]
4161905	3		Lead changes		[0]
4161915	0	4	Adrian	http://stats.ncaa.org/team/4/12426	[24, 30, 25, 16, 15, 3]
4161915	1	585	Rose-Hulman	http://stats.ncaa.org/team/585/12426	[26, 28, 18, 25, 13, 2]
4161915	2		Ties		[0]
4161915	3		Lead changes		[0]
4161916	0	759	Webster	http://stats.ncaa.org/team/759/12426	[25, 25, 25, 3]
4161916	1	585	Rose-Hulman	http://stats.ncaa.org/team/585/12426	[21, 22, 23, 0]
4161916	2		Ties		[0]
4161916	3		Lead changes		[0]
4161932	0	815	York (PA)	http://stats.ncaa.org/team/815/12426	[25, 25, 25, 3]
4161932	1	1163	La Roche	http://stats.ncaa.org/team/1163/12426	[22, 23, 21, 0]
4161932	2		Ties		[6, 5, 4, 15]
4161932	3		Lead changes		[2, 4, 3, 9]
4161947	0	642	Skidmore	http://stats.ncaa.org/team/642/12426	[21, 25, 16, 25, 8, 2]
4161947	1	214	Emerson	http://stats.ncaa.org/team/214/12426	[25, 20, 25, 14, 15, 3]
4161947	2		Ties		[3, 0, 5, 3, 5, 16]
4161947	3		Lead changes		[3, 0, 2, 3, 3, 11]
4161949	0	216	Emory & Henry	http://stats.ncaa.org/team/216/12426	[21, 27, 26, 0]
4161949	1	491	N.C. Wesleyan	http://stats.ncaa.org/team/491/12426	[25, 29, 28, 3]
4161949	2		Ties		[0]
4161949	3		Lead changes		[0]
4161950	0	398	MIT	http://stats.ncaa.org/team/398/12426	[24, 25, 20, 25, 15, 3]
4161950	1	276	Haverford	http://stats.ncaa.org/team/276/12426	[26, 17, 25, 21, 10, 2]
4161950	2		Ties		[9, 2, 1, 9, 0, 21]
4161950	3		Lead changes		[5, 2, 0, 4, 0, 11]
4161951	0	26	Anna Maria	http://stats.ncaa.org/team/26/12426	[20, 25, 22, 21, 1]
4161951	1	530	Oswego St.	http://stats.ncaa.org/team/530/12426	[25, 18, 25, 25, 3]
4161951	2		Ties		[0]
4161951	3		Lead changes		[0]
4161952	0	11036	Sage Colleges	http://stats.ncaa.org/team/11036/12426	[19, 18, 20, 0]
4161952	1	530	Oswego St.	http://stats.ncaa.org/team/530/12426	[25, 25, 25, 3]
4161952	2		Ties		[0]
4161952	3		Lead changes		[0]
4161954	0	195	Earlham	http://stats.ncaa.org/team/195/12426	[23, 9, 23, 0]
4161954	1	531	Otterbein	http://stats.ncaa.org/team/531/12426	[25, 25, 25, 3]
4161954	2		Ties		[0]
4161954	3		Lead changes		[0]
4161955	0	2694	Franklin	http://stats.ncaa.org/team/2694/12426	[25, 25, 25, 3]
4161955	1	525	Olivet	http://stats.ncaa.org/team/525/12426	[16, 20, 18, 0]
4161955	2		Ties		[0]
4161955	3		Lead changes		[0]
4161957	0	177	DePauw	http://stats.ncaa.org/team/177/12426	[25, 25, 25, 3]
4161957	1	585	Rose-Hulman	http://stats.ncaa.org/team/585/12426	[14, 17, 13, 0]
4161957	2		Ties		[0]
4161957	3		Lead changes		[0]
4161965	0	14795	Cedar Crest	http://stats.ncaa.org/team/14795/12426	[15, 22, 16, 0]
4161965	1	30081	Penn St. Harrisburg	http://stats.ncaa.org/team/30081/12426	[25, 25, 25, 3]
4161965	2		Ties		[4, 8, 2, 14]
4161965	3		Lead changes		[3, 5, 0, 8]
4161966	0	16	Albright	http://stats.ncaa.org/team/16/12426	[25, 25, 25, 3]
4161966	1	14795	Cedar Crest	http://stats.ncaa.org/team/14795/12426	[10, 14, 20, 0]
4161966	2		Ties		[0, 3, 4, 7]
4161966	3		Lead changes		[0, 3, 1, 4]
4161969	0	2751	Pacific (OR)	http://stats.ncaa.org/team/2751/12426	[20, 22, 15, 0]
4161969	1	1203	Mary Hardin-Baylor	http://stats.ncaa.org/team/1203/12426	[25, 25, 25, 3]
4161969	2		Ties		[4, 4, 0, 8]
4161969	3		Lead changes		[1, 1, 0, 2]
4161977	0	15	Albion	http://stats.ncaa.org/team/15/12426	[25, 20, 23, 27, 15, 3]
4161977	1	8567	Mt. St. Joseph	http://stats.ncaa.org/team/8567/12426	[20, 25, 25, 25, 13, 2]
4161977	2		Ties		[0]
4161977	3		Lead changes		[0]
4161981	0	938	Alvernia	http://stats.ncaa.org/team/938/12426	[22, 18, 14, 0]
4161981	1	730	Ursinus	http://stats.ncaa.org/team/730/12426	[25, 25, 25, 3]
4161981	2		Ties		[0]
4161981	3		Lead changes		[0]
4162001	0	122	CWRU	http://stats.ncaa.org/team/122/12426	[25, 25, 23, 25, 3]
4162001	1	117	Capital	http://stats.ncaa.org/team/117/12426	[15, 13, 25, 15, 1]
4162001	2		Ties		[1, 3, 8, 3, 15]
4162001	3		Lead changes		[1, 0, 3, 2, 6]
4162005	0	30035	Crown (MN)	http://stats.ncaa.org/team/30035/12426	[5, 10, 21, 0]
4162005	1	118	Carleton	http://stats.ncaa.org/team/118/12426	[25, 25, 25, 3]
4162005	2		Ties		[1, 0, 0, 1]
4162005	3		Lead changes		[1, 0, 0, 1]
4162013	0	686	Swarthmore	http://stats.ncaa.org/team/686/12426	[25, 25, 25, 3]
4162013	1	259	Rowan	http://stats.ncaa.org/team/259/12426	[20, 15, 11, 0]
4162013	2		Ties		[7, 4, 0, 11]
4162013	3		Lead changes		[2, 3, 0, 5]
4162014	0	783	Widener	http://stats.ncaa.org/team/783/12426	[25, 25, 25, 3]
4162014	1	259	Rowan	http://stats.ncaa.org/team/259/12426	[23, 20, 21, 0]
4162014	2		Ties		[3, 5, 10, 18]
4162014	3		Lead changes		[1, 1, 6, 8]
4162019	0	390	Mary Washington	http://stats.ncaa.org/team/390/12426	[18, 25, 19, 25, 15, 3]
4162019	1	145	Clark (MA)	http://stats.ncaa.org/team/145/12426	[25, 23, 25, 22, 13, 2]
4162019	2		Ties		[2, 5, 4, 13, 5, 29]
4162019	3		Lead changes		[2, 3, 2, 4, 2, 13]
4162039	0	263	Greensboro	http://stats.ncaa.org/team/263/12426	[10, 16, 23, 0]
4162039	1	258	Gettysburg	http://stats.ncaa.org/team/258/12426	[25, 25, 25, 3]
4162039	2		Ties		[2, 0, 8, 10]
4162039	3		Lead changes		[1, 0, 5, 6]
4162040	0	22235	Lewis & Clark	http://stats.ncaa.org/team/22235/12426	[19, 25, 21, 23, 1]
4162040	1	271	Hardin-Simmons	http://stats.ncaa.org/team/271/12426	[25, 23, 25, 25, 3]
4162040	2		Ties		[4, 1, 8, 5, 18]
4162040	3		Lead changes		[1, 0, 3, 3, 7]
4162046	0	268	Hamline	http://stats.ncaa.org/team/268/12426	[25, 21, 25, 25, 3]
4162046	1	264	Grinnell	http://stats.ncaa.org/team/264/12426	[19, 25, 16, 17, 1]
4162046	2		Ties		[7, 5, 6, 2, 20]
4162046	3		Lead changes		[4, 2, 1, 1, 8]
4162060	0	330	Keene St.	http://stats.ncaa.org/team/330/12426	[21, 25, 20, 25, 11, 2]
4162060	1	292	Hunter	http://stats.ncaa.org/team/292/12426	[25, 18, 25, 19, 15, 3]
4162060	2		Ties		[3, 0, 6, 8, 5, 22]
4162060	3		Lead changes		[3, 0, 1, 5, 2, 11]
4162104	0	583	Roger Williams	http://stats.ncaa.org/team/583/12426	[9, 11, 16, 0]
4162104	1	325	Juniata	http://stats.ncaa.org/team/325/12426	[25, 25, 25, 3]
4162104	2		Ties		[0, 2, 1, 3]
4162104	3		Lead changes		[0, 2, 0, 2]
4162105	0	326	Kalamazoo	http://stats.ncaa.org/team/326/12426	[14, 15, 20, 0]
4162105	1	8567	Mt. St. Joseph	http://stats.ncaa.org/team/8567/12426	[25, 25, 25, 3]
4162105	2		Ties		[0]
4162105	3		Lead changes		[0]
4162149	0	185	Dickinson	http://stats.ncaa.org/team/185/12426	[15, 23, 13, 0]
4162149	1	411	Messiah	http://stats.ncaa.org/team/411/12426	[25, 25, 25, 3]
4162149	2		Ties		[0]
4162149	3		Lead changes		[0]
4162151	0	374	Lynchburg	http://stats.ncaa.org/team/374/12426	[25, 25, 20, 25, 3]
4162151	1	389	Mary Baldwin	http://stats.ncaa.org/team/389/12426	[9, 16, 25, 10, 1]
4162151	2		Ties		[0, 1, 13, 2, 16]
4162151	3		Lead changes		[0, 1, 7, 1, 9]
4162159	0	642	Skidmore	http://stats.ncaa.org/team/642/12426	[25, 25, 14, 25, 3]
4162159	1	479	NYU	http://stats.ncaa.org/team/479/12426	[21, 19, 25, 18, 1]
4162159	2		Ties		[12, 2, 0, 3, 17]
4162159	3		Lead changes		[3, 0, 0, 2, 5]
4162161	0	42	Aurora	http://stats.ncaa.org/team/42/12426	[25, 25, 25, 3]
4162161	1	475	SUNY New Paltz	http://stats.ncaa.org/team/475/12426	[16, 17, 20, 0]
4162161	2		Ties		[4, 0, 0, 4]
4162161	3		Lead changes		[2, 0, 0, 2]
4162164	0	1402	Thomas More	http://stats.ncaa.org/team/1402/12426	[25, 20, 25, 19, 13, 2]
4162164	1	520	Ohio Wesleyan	http://stats.ncaa.org/team/520/12426	[18, 25, 14, 25, 15, 3]
4162164	2		Ties		[4, 12, 1, 12, 1, 30]
4162164	3		Lead changes		[1, 4, 1, 7, 1, 14]
4162172	0	642	Skidmore	http://stats.ncaa.org/team/642/12426	[25, 23, 25, 25, 3]
4162172	1	547	Plattsburgh St.	http://stats.ncaa.org/team/547/12426	[18, 25, 23, 17, 1]
4162172	2		Ties		[0, 9, 1, 2, 12]
4162172	3		Lead changes		[0, 4, 0, 0, 4]
4162173	0	292	Hunter	http://stats.ncaa.org/team/292/12426	[25, 15, 17, 25, 7, 2]
4162173	1	564	Ramapo	http://stats.ncaa.org/team/564/12426	[19, 25, 25, 18, 15, 3]
4162173	2		Ties		[4, 0, 4, 5, 3, 16]
4162173	3		Lead changes		[2, 0, 3, 3, 1, 9]
4162181	0	30037	Trine	http://stats.ncaa.org/team/30037/12426	[11, 10, 6, 0]
4162181	1	517	Ohio Northern	http://stats.ncaa.org/team/517/12426	[25, 25, 25, 3]
4162181	2		Ties		[2, 1, 1, 4]
4162181	3		Lead changes		[1, 1, 0, 2]
4162182	0	476	New Rochelle	http://stats.ncaa.org/team/476/12426	[25, 17, 18, 21, 1]
4162182	1	530	Oswego St.	http://stats.ncaa.org/team/530/12426	[21, 25, 25, 25, 3]
4162182	2		Ties		[0]
4162182	3		Lead changes		[0]
4162184	0	2798	Albertus Magnus	http://stats.ncaa.org/team/2798/12426	[25, 25, 25, 3]
4162184	1	532	Elms	http://stats.ncaa.org/team/532/12426	[19, 20, 21, 0]
4162184	2		Ties		[7, 7, 8, 22]
4162184	3		Lead changes		[2, 5, 5, 12]
4162288	0	177	DePauw	http://stats.ncaa.org/team/177/12426	[25, 17, 25, 25, 3]
4162288	1	755	Washington-St. Louis	http://stats.ncaa.org/team/755/12426	[19, 25, 19, 21, 1]
4162288	2		Ties		[0, 2, 6, 1, 9]
4162288	3		Lead changes		[0, 1, 2, 0, 3]
4162311	0	1196	Marian (WI)	http://stats.ncaa.org/team/1196/12426	[23, 10, 23, 0]
4162311	1	192	Dubuque	http://stats.ncaa.org/team/192/12426	[25, 25, 25, 3]
4162311	2		Ties		[0]
4162311	3		Lead changes		[0]
4162335	0	22626	Johnson & Wales (RI)	http://stats.ncaa.org/team/22626/12426	[27, 25, 25, 3]
4162335	1	8981	Endicott	http://stats.ncaa.org/team/8981/12426	[25, 16, 21, 0]
4162335	2		Ties		[0]
4162335	3		Lead changes		[0]
4162349	0	4	Adrian	http://stats.ncaa.org/team/4/12426	[16, 14, 14, 0]
4162349	1	755	Washington-St. Louis	http://stats.ncaa.org/team/755/12426	[25, 25, 25, 3]
4162349	2		Ties		[4, 5, 5, 14]
4162349	3		Lead changes		[3, 2, 2, 7]
4162367	0	1115	Hanover	http://stats.ncaa.org/team/1115/12426	[20, 25, 25, 19, 13, 2]
4162367	1	1066	Edgewood	http://stats.ncaa.org/team/1066/12426	[25, 16, 23, 25, 15, 3]
4162367	2		Ties		[1, 1, 9, 3, 0, 14]
4162367	3		Lead changes		[0, 0, 5, 0, 0, 5]
4162389	0	337	Knox	http://stats.ncaa.org/team/337/12426	[19, 16, 20, 0]
4162389	1	755	Washington-St. Louis	http://stats.ncaa.org/team/755/12426	[25, 25, 25, 3]
4162389	2		Ties		[7, 0, 6, 13]
4162389	3		Lead changes		[4, 0, 3, 7]
4162401	0	25719	Penn St.-Altoona	http://stats.ncaa.org/team/25719/12426	[21, 25, 25, 23, 12, 2]
4162401	1	263	Greensboro	http://stats.ncaa.org/team/263/12426	[25, 19, 18, 25, 15, 3]
4162401	2		Ties		[0]
4162401	3		Lead changes		[0]
4162433	0	134	Chapman	http://stats.ncaa.org/team/134/12426	[25, 25, 23, 25, 3]
4162433	1	88	Cabrini	http://stats.ncaa.org/team/88/12426	[18, 19, 25, 17, 1]
4162433	2		Ties		[4, 8, 10, 1, 23]
4162433	3		Lead changes		[2, 5, 6, 1, 14]
4162446	0	25719	Penn St.-Altoona	http://stats.ncaa.org/team/25719/12426	[18, 9, 11, 0]
4162446	1	185	Dickinson	http://stats.ncaa.org/team/185/12426	[25, 25, 25, 3]
4162446	2		Ties		[0]
4162446	3		Lead changes		[0]
4162494	0	1066	Edgewood	http://stats.ncaa.org/team/1066/12426	[23, 25, 24, 23, 1]
4162494	1	177	DePauw	http://stats.ncaa.org/team/177/12426	[25, 11, 26, 25, 3]
4162494	2		Ties		[9, 0, 2, 12, 23]
4162494	3		Lead changes		[2, 0, 0, 6, 8]
4162516	0	573	Rhodes	http://stats.ncaa.org/team/573/12426	[23, 25, 21, 15, 1]
4162516	1	549	Pomona-Pitzer	http://stats.ncaa.org/team/549/12426	[25, 19, 25, 25, 3]
4162516	2		Ties		[3, 1, 4, 1, 9]
4162516	3		Lead changes		[0, 1, 2, 1, 4]
4162526	0	25719	Penn St.-Altoona	http://stats.ncaa.org/team/25719/12426	[18, 20, 16, 0]
4162526	1	442	Montclair St.	http://stats.ncaa.org/team/442/12426	[25, 25, 25, 3]
4162526	2		Ties		[0]
4162526	3		Lead changes		[0]
4162532	0	580	RIT	http://stats.ncaa.org/team/580/12426	[14, 25, 25, 25, 3]
4162532	1	777	Westfield St.	http://stats.ncaa.org/team/777/12426	[25, 16, 14, 17, 1]
4162532	2		Ties		[0, 1, 7, 5, 13]
4162532	3		Lead changes		[0, 0, 2, 4, 6]
4162534	0	378	Maine Maritime	http://stats.ncaa.org/team/378/12426	[26, 25, 25, 3]
4162534	1	605	St. Joseph's (ME)	http://stats.ncaa.org/team/605/12426	[24, 17, 23, 0]
4162534	2		Ties		[0]
4162534	3		Lead changes		[0]
4162541	0	313	Ithaca	http://stats.ncaa.org/team/313/12426	[25, 25, 25, 3]
4162541	1	607	St. Lawrence	http://stats.ncaa.org/team/607/12426	[21, 23, 14, 0]
4162541	2		Ties		[0]
4162541	3		Lead changes		[0]
4162548	0	221	FDU-Florham	http://stats.ncaa.org/team/221/12426	[17, 23, 25, 25, 13, 2]
4162548	1	1468	Mt. St. Mary (NY)	http://stats.ncaa.org/team/1468/12426	[25, 25, 15, 10, 15, 3]
4162548	2		Ties		[0]
4162548	3		Lead changes		[0]
4162569	0	1468	Mt. St. Mary (NY)	http://stats.ncaa.org/team/1468/12426	[14, 21, 7, 0]
4162569	1	633	Scranton	http://stats.ncaa.org/team/633/12426	[25, 25, 25, 3]
4162569	2		Ties		[3, 7, 0, 10]
4162569	3		Lead changes		[1, 2, 0, 3]
4162571	0	538	Penn St.-Behrend	http://stats.ncaa.org/team/538/12426	[25, 25, 25, 3]
4162571	1	1468	Mt. St. Mary (NY)	http://stats.ncaa.org/team/1468/12426	[21, 17, 19, 0]
4162571	2		Ties		[0]
4162571	3		Lead changes		[0]
4162683	0	611	St. Mary's (MD)	http://stats.ncaa.org/team/611/12426	[25, 19, 25, 25, 3]
4162683	1	745	Va. Wesleyan	http://stats.ncaa.org/team/745/12426	[23, 25, 14, 21, 1]
4162683	2		Ties		[0]
4162683	3		Lead changes		[0]
4162692	0	795	Wis.-La Crosse	http://stats.ncaa.org/team/795/12426	[25, 18, 25, 25, 3]
4162692	1	42	Aurora	http://stats.ncaa.org/team/42/12426	[18, 25, 23, 15, 1]
4162692	2		Ties		[1, 2, 7, 2, 12]
4162692	3		Lead changes		[0, 0, 3, 1, 4]
4162695	0	263	Greensboro	http://stats.ncaa.org/team/263/12426	[22, 17, 18, 0]
4162695	1	622	Salisbury	http://stats.ncaa.org/team/622/12426	[25, 25, 25, 3]
4162695	2		Ties		[2, 6, 1, 9]
4162695	3		Lead changes		[1, 2, 0, 3]
4162708	0	614	St. Norbert	http://stats.ncaa.org/team/614/12426	[23, 22, 19, 0]
4162708	1	612	Saint Mary's (MN)	http://stats.ncaa.org/team/612/12426	[25, 25, 25, 3]
4162708	2		Ties		[6, 3, 4, 13]
4162708	3		Lead changes		[2, 2, 3, 7]
4162716	0	538	Penn St.-Behrend	http://stats.ncaa.org/team/538/12426	[23, 19, 18, 0]
4162716	1	633	Scranton	http://stats.ncaa.org/team/633/12426	[25, 25, 25, 3]
4162716	2		Ties		[8, 2, 3, 13]
4162716	3		Lead changes		[1, 1, 1, 3]
4162775	0	152	Colby-Sawyer	http://stats.ncaa.org/team/152/12426	[15, 25, 35, 25, 10, 2]
4162775	1	640	Simmons	http://stats.ncaa.org/team/640/12426	[25, 22, 37, 17, 15, 3]
4162775	2		Ties		[4, 6, 7, 3, 5, 25]
4162775	3		Lead changes		[1, 1, 2, 2, 3, 9]
4162803	0	744	Virginia Union	http://stats.ncaa.org/team/744/12426	[25, 25, 23, 25, 3]
4162803	1	412	Methodist	http://stats.ncaa.org/team/412/12426	[13, 22, 25, 22, 1]
4162803	2		Ties		[0]
4162803	3		Lead changes		[0]
4162804	0	730	Ursinus	http://stats.ncaa.org/team/730/12426	[20, 20, 16, 0]
4162804	1	1315	Pitt.-Bradford	http://stats.ncaa.org/team/1315/12426	[25, 25, 25, 3]
4162804	2		Ties		[0]
4162804	3		Lead changes		[0]
4162809	0	8968	Eastern	http://stats.ncaa.org/team/8968/12426	[25, 25, 25, 3]
4162809	1	686	Swarthmore	http://stats.ncaa.org/team/686/12426	[20, 16, 15, 0]
4162809	2		Ties		[5, 1, 2, 8]
4162809	3		Lead changes		[3, 0, 0, 3]
4162818	0	13	Albany St. (GA)	http://stats.ncaa.org/team/13/12426	[7, 22, 17, 0]
4162818	1	1162	LaGrange	http://stats.ncaa.org/team/1162/12426	[25, 25, 25, 3]
4162818	2		Ties		[2, 6, 1, 9]
4162818	3		Lead changes		[1, 5, 1, 7]
4162841	0	30172	IIT	http://stats.ncaa.org/team/30172/12426	[25, 25, 25, 3]
4162841	1	64	Blackburn	http://stats.ncaa.org/team/64/12426	[20, 16, 14, 0]
4162841	2		Ties		[0]
4162841	3		Lead changes		[0]
4162858	0	64	Blackburn	http://stats.ncaa.org/team/64/12426	[17, 20, 19, 0]
4162858	1	53	Beloit	http://stats.ncaa.org/team/53/12426	[25, 25, 25, 3]
4162858	2		Ties		[0]
4162858	3		Lead changes		[0]
4162973	0	455	Muskingum	http://stats.ncaa.org/team/455/12426	[22, 10, 17, 0]
4162973	1	807	Wooster	http://stats.ncaa.org/team/807/12426	[25, 25, 25, 3]
4162973	2		Ties		[4, 2, 0, 6]
4162973	3		Lead changes		[2, 0, 0, 2]
4162977	0	412	Methodist	http://stats.ncaa.org/team/412/12426	[21, 25, 21, 0]
4162977	1	743	Virginia St.	http://stats.ncaa.org/team/743/12426	[25, 27, 25, 3]
4162977	2		Ties		[2, 9, 11, 22]
4162977	3		Lead changes		[1, 3, 5, 9]
4163010	0	1130	Huntingdon	http://stats.ncaa.org/team/1130/12426	[19, 18, 12, 0]
4163010	1	652	Sewanee	http://stats.ncaa.org/team/652/12426	[25, 25, 25, 3]
4163010	2		Ties		[0, 4, 0, 4]
4163010	3		Lead changes		[0, 1, 0, 1]
4163011	0	801	Wis.-River Falls	http://stats.ncaa.org/team/801/12426	[25, 25, 25, 3]
4163011	1	28746	Alverno	http://stats.ncaa.org/team/28746/12426	[10, 16, 14, 0]
4163011	2		Ties		[0]
4163011	3		Lead changes		[0]
4163028	0	737	Vassar	http://stats.ncaa.org/team/737/12426	[14, 21, 13, 0]
4163028	1	557	Puget Sound	http://stats.ncaa.org/team/557/12426	[25, 25, 25, 3]
4163028	2		Ties		[4, 4, 3, 11]
4163028	3		Lead changes		[0, 4, 1, 5]
4163031	0	614	St. Norbert	http://stats.ncaa.org/team/614/12426	[18, 15, 6, 0]
4163031	1	802	Wis.-Stevens Point	http://stats.ncaa.org/team/802/12426	[25, 25, 25, 3]
4163031	2		Ties		[3, 3, 4, 10]
4163031	3		Lead changes		[2, 1, 2, 5]
4163035	0	30032	Finlandia	http://stats.ncaa.org/team/30032/12426	[27, 25, 25, 3]
4163035	1	30033	Mount Mary	http://stats.ncaa.org/team/30033/12426	[23, 19, 8, 0]
4163035	2		Ties		[4, 7, 0, 11]
4163035	3		Lead changes		[1, 3, 0, 4]
4163041	0	1434	Waynesburg	http://stats.ncaa.org/team/1434/12426	[19, 11, 8, 0]
4163041	1	939	Anderson (IN)	http://stats.ncaa.org/team/939/12426	[25, 25, 25, 3]
4163041	2		Ties		[3, 1, 0, 4]
4163041	3		Lead changes		[1, 0, 0, 1]
4163082	0	1044	Dallas	http://stats.ncaa.org/team/1044/12426	[25, 25, 19, 17, 16, 3]
4163082	1		Arlington Baptist		[21, 14, 25, 25, 14, 2]
4163082	2		Ties		[0]
4163082	3		Lead changes		[0]
4163083	0	530	Oswego St.	http://stats.ncaa.org/team/530/12426	[16, 25, 20, 0]
4163083	1	313	Ithaca	http://stats.ncaa.org/team/313/12426	[25, 27, 25, 3]
4163083	2		Ties		[8, 7, 5, 20]
4163083	3		Lead changes		[3, 4, 1, 8]
4163118	0	798	Wis.-Oshkosh	http://stats.ncaa.org/team/798/12426	[18, 25, 19, 25, 15, 3]
4163118	1	1066	Edgewood	http://stats.ncaa.org/team/1066/12426	[25, 20, 25, 19, 6, 2]
4163118	2		Ties		[5, 6, 0, 1, 1, 13]
4163118	3		Lead changes		[2, 4, 0, 0, 0, 6]
4163136	0	544	Pine Manor	http://stats.ncaa.org/team/544/12426	[15, 18, 18, 0]
4163136	1	27901	Mount Ida	http://stats.ncaa.org/team/27901/12426	[25, 25, 25, 3]
4163136	2		Ties		[0, 8, 9, 17]
4163136	3		Lead changes		[0, 3, 4, 7]
